as_of_date,acquisition_month,cohort,cohort_label,cohort_description,tenure_month,tenure_label,cohort_tenure_label,starting_customers,active_customers,retention_rate,order_rate,vp_per_order,vp_per_acquired_customer,orders,total_vp
2026-09-24,2026-09,nc_sub,NC Sub,New customer subscriber,1,M1,M1 NC Sub,3908,3908,1.0,2.704,9.641,26.0668,10566.3,101869.24
2026-09-24,2026-09,ec_sub,EC Sub,Existing customer subscriber,1,M1,M1 EC Sub,3812,3812,1.0,3.34,11.14,37.2024,12730.6,141815.52
2026-09-24,2026-09,payg_nc,PAYG NC,New customer pay-as-you-go,1,M1,M1 PAYG NC,9506,9506,1.0,1.635,6.812,11.1342,15538.4,105841.88
2026-09-24,2026-09,payg_ec,PAYG EC,Existing customer pay-as-you-go,1,M1,M1 PAYG EC,6041,6041,1.0,2.186,8.476,18.524,13203.1,111903.56
2026-09-24,2026-08,nc_sub,NC Sub,New customer subscriber,1,M1,M1 NC Sub,3979,3979,1.0,2.925,9.419,27.5493,11638.5,109618.61
2026-09-24,2026-08,nc_sub,NC Sub,New customer subscriber,2,M2,M2 NC Sub,3979,3708,0.9319,2.872,9.33,24.9684,10647.9,99349.3
2026-09-24,2026-08,ec_sub,EC Sub,Existing customer subscriber,1,M1,M1 EC Sub,3594,3594,1.0,3.37,10.761,36.2606,12110.2,130320.51
2026-09-24,2026-08,ec_sub,EC Sub,Existing customer subscriber,2,M2,M2 EC Sub,3594,3393,0.9441,3.326,10.663,33.4782,11284.1,120320.74
2026-09-24,2026-08,payg_nc,PAYG NC,New customer pay-as-you-go,1,M1,M1 PAYG NC,9119,9119,1.0,1.606,6.753,10.8474,14648.7,98917.52
2026-09-24,2026-08,payg_nc,PAYG NC,New customer pay-as-you-go,2,M2,M2 PAYG NC,9119,7365,0.8077,1.528,6.692,8.2583,11253.1,75307.19
2026-09-24,2026-08,payg_ec,PAYG EC,Existing customer pay-as-you-go,1,M1,M1 PAYG EC,6085,6085,1.0,2.207,7.875,17.3776,13427.7,105742.48
2026-09-24,2026-08,payg_ec,PAYG EC,Existing customer pay-as-you-go,2,M2,M2 PAYG EC,6085,5523,0.9076,2.134,7.88,15.2631,11785.7,92875.72
2026-09-24,2026-07,nc_sub,NC Sub,New customer subscriber,1,M1,M1 NC Sub,3967,3967,1.0,2.937,9.621,28.2604,11652.5,112108.95
2026-09-24,2026-07,nc_sub,NC Sub,New customer subscriber,2,M2,M2 NC Sub,3967,3656,0.9216,2.881,9.649,25.6175,10531.6,101624.7
2026-09-24,2026-07,nc_sub,NC Sub,New customer subscriber,3,M3,M3 NC Sub,3967,3429,0.8644,2.799,9.658,23.3669,9598.0,92696.31
2026-09-24,2026-07,ec_sub,EC Sub,Existing customer subscriber,1,M1,M1 EC Sub,3632,3632,1.0,3.668,10.57,38.7662,13321.0,140798.87
2026-09-24,2026-07,ec_sub,EC Sub,Existing customer subscriber,2,M2,M2 EC Sub,3632,3432,0.9449,3.605,10.526,35.8588,12373.2,130239.25
2026-09-24,2026-07,ec_sub,EC Sub,Existing customer subscriber,3,M3,M3 EC Sub,3632,3238,0.8915,3.568,10.591,33.6884,11552.6,122356.11
2026-09-24,2026-07,payg_nc,PAYG NC,New customer pay-as-you-go,1,M1,M1 PAYG NC,9173,9173,1.0,1.612,7.234,11.6623,14788.4,106978.21
2026-09-24,2026-07,payg_nc,PAYG NC,New customer pay-as-you-go,2,M2,M2 PAYG NC,9173,7414,0.8082,1.526,7.138,8.803,11312.2,80749.84
2026-09-24,2026-07,payg_nc,PAYG NC,New customer pay-as-you-go,3,M3,M3 PAYG NC,9173,5972,0.651,1.416,7.031,6.4826,8457.0,59464.95
2026-09-24,2026-07,payg_ec,PAYG EC,Existing customer pay-as-you-go,1,M1,M1 PAYG EC,6148,6148,1.0,2.239,8.156,18.2595,13764.3,112259.48
2026-09-24,2026-07,payg_ec,PAYG EC,Existing customer pay-as-you-go,2,M2,M2 PAYG EC,6148,5516,0.8972,2.151,8.055,15.5417,11862.5,95550.53
2026-09-24,2026-07,payg_ec,PAYG EC,Existing customer pay-as-you-go,3,M3,M3 PAYG EC,6148,4986,0.811,2.09,8.074,13.6867,10421.7,84145.53
2026-09-24,2026-06,nc_sub,NC Sub,New customer subscriber,1,M1,M1 NC Sub,4155,4155,1.0,2.736,9.055,24.7758,11369.3,102943.49
2026-09-24,2026-06,nc_sub,NC Sub,New customer subscriber,2,M2,M2 NC Sub,4155,3835,0.923,2.667,9.093,22.3856,10229.4,93012.21
2026-09-24,2026-06,nc_sub,NC Sub,New customer subscriber,3,M3,M3 NC Sub,4155,3562,0.8573,2.608,9.066,20.2685,9288.9,84215.64
2026-09-24,2026-06,nc_sub,NC Sub,New customer subscriber,4,M4,M4 NC Sub,4155,3304,0.7952,2.494,8.944,17.7402,8241.0,73710.48
2026-09-24,2026-06,ec_sub,EC Sub,Existing customer subscriber,1,M1,M1 EC Sub,3586,3586,1.0,3.459,11.289,39.0487,12404.1,140028.57
2026-09-24,2026-06,ec_sub,EC Sub,Existing customer subscriber,2,M2,M2 EC Sub,3586,3486,0.9721,3.414,11.351,37.6678,11900.3,135076.7
2026-09-24,2026-06,ec_sub,EC Sub,Existing customer subscriber,3,M3,M3 EC Sub,3586,3395,0.9467,3.366,11.316,36.0661,11429.0,129333.07
2026-09-24,2026-06,ec_sub,EC Sub,Existing customer subscriber,4,M4,M4 EC Sub,3586,3313,0.9239,3.311,11.337,34.6813,10969.8,124367.14
2026-09-24,2026-06,payg_nc,PAYG NC,New customer pay-as-you-go,1,M1,M1 PAYG NC,9880,9880,1.0,1.573,6.971,10.9676,15545.3,108360.31
2026-09-24,2026-06,payg_nc,PAYG NC,New customer pay-as-you-go,2,M2,M2 PAYG NC,9880,7940,0.8036,1.491,6.848,8.2054,11838.6,81069.16
2026-09-24,2026-06,payg_nc,PAYG NC,New customer pay-as-you-go,3,M3,M3 PAYG NC,9880,6620,0.67,1.391,6.747,6.2893,9209.3,62138.19
2026-09-24,2026-06,payg_nc,PAYG NC,New customer pay-as-you-go,4,M4,M4 PAYG NC,9880,5451,0.5517,1.295,6.647,4.7496,7059.2,46926.12
2026-09-24,2026-06,payg_ec,PAYG EC,Existing customer pay-as-you-go,1,M1,M1 PAYG EC,5730,5730,1.0,2.111,7.971,16.8284,12097.0,96426.57
2026-09-24,2026-06,payg_ec,PAYG EC,Existing customer pay-as-you-go,2,M2,M2 PAYG EC,5730,5073,0.8853,2.019,7.91,14.1394,10242.7,81018.78
2026-09-24,2026-06,payg_ec,PAYG EC,Existing customer pay-as-you-go,3,M3,M3 PAYG EC,5730,4479,0.7817,1.918,7.879,11.813,8590.8,67688.5
2026-09-24,2026-06,payg_ec,PAYG EC,Existing customer pay-as-you-go,4,M4,M4 PAYG EC,5730,3974,0.6935,1.836,7.77,9.8958,7298.0,56702.69
2026-09-24,2026-05,nc_sub,NC Sub,New customer subscriber,1,M1,M1 NC Sub,4024,4024,1.0,2.909,9.535,27.7428,11707.7,111637.19
2026-09-24,2026-05,nc_sub,NC Sub,New customer subscriber,2,M2,M2 NC Sub,4024,3657,0.9088,2.825,9.431,24.2125,10330.4,97431.16
2026-09-24,2026-05,nc_sub,NC Sub,New customer subscriber,3,M3,M3 NC Sub,4024,3345,0.8313,2.715,9.314,21.0207,9081.6,84587.39
2026-09-24,2026-05,nc_sub,NC Sub,New customer subscriber,4,M4,M4 NC Sub,4024,3041,0.7557,2.632,9.226,18.3519,8004.6,73847.95
2026-09-24,2026-05,nc_sub,NC Sub,New customer subscriber,5,M5,M5 NC Sub,4024,2810,0.6983,2.523,9.168,16.1531,7089.6,64999.99
2026-09-24,2026-05,ec_sub,EC Sub,Existing customer subscriber,1,M1,M1 EC Sub,3522,3522,1.0,3.627,11.023,39.9812,12774.4,140813.84
2026-09-24,2026-05,ec_sub,EC Sub,Existing customer subscriber,2,M2,M2 EC Sub,3522,3440,0.9767,3.604,11.009,38.7521,12397.1,136484.98
2026-09-24,2026-05,ec_sub,EC Sub,Existing customer subscriber,3,M3,M3 EC Sub,3522,3337,0.9475,3.575,11.061,37.4656,11929.5,131953.8
2026-09-24,2026-05,ec_sub,EC Sub,Existing customer subscriber,4,M4,M4 EC Sub,3522,3198,0.908,3.589,11.068,36.0655,11476.6,127022.68
2026-09-24,2026-05,ec_sub,EC Sub,Existing customer subscriber,5,M5,M5 EC Sub,3522,3129,0.8884,3.506,11.056,34.4422,10971.6,121305.3
2026-09-24,2026-05,payg_nc,PAYG NC,New customer pay-as-you-go,1,M1,M1 PAYG NC,9156,9156,1.0,1.57,7.154,11.2326,14376.5,102845.52
2026-09-24,2026-05,payg_nc,PAYG NC,New customer pay-as-you-go,2,M2,M2 PAYG NC,9156,7422,0.8106,1.481,7.066,8.4829,10992.2,77669.63
2026-09-24,2026-05,payg_nc,PAYG NC,New customer pay-as-you-go,3,M3,M3 PAYG NC,9156,5976,0.6527,1.386,6.957,6.2955,8285.3,57641.42
2026-09-24,2026-05,payg_nc,PAYG NC,New customer pay-as-you-go,4,M4,M4 PAYG NC,9156,4920,0.5374,1.303,6.935,4.8543,6408.6,44446.26
2026-09-24,2026-05,payg_nc,PAYG NC,New customer pay-as-you-go,5,M5,M5 PAYG NC,9156,4080,0.4456,1.218,6.801,3.69,4968.0,33785.53
2026-09-24,2026-05,payg_ec,PAYG EC,Existing customer pay-as-you-go,1,M1,M1 PAYG EC,6313,6313,1.0,2.259,8.568,19.358,14262.6,122207.22
2026-09-24,2026-05,payg_ec,PAYG EC,Existing customer pay-as-you-go,2,M2,M2 PAYG EC,6313,5779,0.9154,2.155,8.59,16.9456,12454.0,106977.5
2026-09-24,2026-05,payg_ec,PAYG EC,Existing customer pay-as-you-go,3,M3,M3 PAYG EC,6313,5102,0.8082,2.062,8.541,14.234,10520.4,89858.97
2026-09-24,2026-05,payg_ec,PAYG EC,Existing customer pay-as-you-go,4,M4,M4 PAYG EC,6313,4568,0.7236,1.981,8.554,12.2602,9048.6,77398.84
2026-09-24,2026-05,payg_ec,PAYG EC,Existing customer pay-as-you-go,5,M5,M5 PAYG EC,6313,4093,0.6483,1.877,8.542,10.3973,7683.9,65637.96
2026-09-24,2026-04,nc_sub,NC Sub,New customer subscriber,1,M1,M1 NC Sub,4411,4411,1.0,2.812,9.859,27.7269,12405.2,122303.2
2026-09-24,2026-04,nc_sub,NC Sub,New customer subscriber,2,M2,M2 NC Sub,4411,4127,0.9356,2.758,9.766,25.2016,11383.3,111164.04
2026-09-24,2026-04,nc_sub,NC Sub,New customer subscriber,3,M3,M3 NC Sub,4411,3722,0.8438,2.673,9.704,21.8846,9948.2,96532.88
2026-09-24,2026-04,nc_sub,NC Sub,New customer subscriber,4,M4,M4 NC Sub,4411,3453,0.7828,2.587,9.659,19.5575,8931.8,86268.29
2026-09-24,2026-04,nc_sub,NC Sub,New customer subscriber,5,M5,M5 NC Sub,4411,3142,0.7123,2.513,9.604,17.1922,7896.0,75834.64
2026-09-24,2026-04,nc_sub,NC Sub,New customer subscriber,6,M6,M6 NC Sub,4411,2922,0.6624,2.424,9.594,15.408,7084.2,67964.7
2026-09-24,2026-04,ec_sub,EC Sub,Existing customer subscriber,1,M1,M1 EC Sub,3902,3902,1.0,3.367,10.645,35.8427,13138.4,139858.32
2026-09-24,2026-04,ec_sub,EC Sub,Existing customer subscriber,2,M2,M2 EC Sub,3902,3699,0.948,3.324,10.699,33.7139,12295.6,131551.54
2026-09-24,2026-04,ec_sub,EC Sub,Existing customer subscriber,3,M3,M3 EC Sub,3902,3490,0.8944,3.267,10.7,31.2661,11402.2,122000.4
2026-09-24,2026-04,ec_sub,EC Sub,Existing customer subscriber,4,M4,M4 EC Sub,3902,3354,0.8596,3.278,10.588,29.8289,10993.2,116392.46
2026-09-24,2026-04,ec_sub,EC Sub,Existing customer subscriber,5,M5,M5 EC Sub,3902,3177,0.8142,3.242,10.498,27.7143,10301.1,108141.08
2026-09-24,2026-04,ec_sub,EC Sub,Existing customer subscriber,6,M6,M6 EC Sub,3902,2996,0.7678,3.203,10.567,25.9863,9595.5,101398.53
2026-09-24,2026-04,payg_nc,PAYG NC,New customer pay-as-you-go,1,M1,M1 PAYG NC,9944,9944,1.0,1.577,7.084,11.1672,15676.8,111047.0
2026-09-24,2026-04,payg_nc,PAYG NC,New customer pay-as-you-go,2,M2,M2 PAYG NC,9944,8213,0.8259,1.492,6.959,8.5762,12255.2,85281.52
2026-09-24,2026-04,payg_nc,PAYG NC,New customer pay-as-you-go,3,M3,M3 PAYG NC,9944,6760,0.6798,1.394,6.929,6.5654,9422.0,65285.98
2026-09-24,2026-04,payg_nc,PAYG NC,New customer pay-as-you-go,4,M4,M4 PAYG NC,9944,5568,0.5599,1.312,6.862,5.0414,7305.5,50131.98
2026-09-24,2026-04,payg_nc,PAYG NC,New customer pay-as-you-go,5,M5,M5 PAYG NC,9944,4641,0.4667,1.239,6.823,3.9463,5751.4,39242.16
2026-09-24,2026-04,payg_nc,PAYG NC,New customer pay-as-you-go,6,M6,M6 PAYG NC,9944,3794,0.3815,1.161,6.802,3.0138,4406.1,29968.87
2026-09-24,2026-04,payg_ec,PAYG EC,Existing customer pay-as-you-go,1,M1,M1 PAYG EC,5959,5959,1.0,2.216,8.119,17.9919,13205.1,107213.95
2026-09-24,2026-04,payg_ec,PAYG EC,Existing customer pay-as-you-go,2,M2,M2 PAYG EC,5959,5450,0.9146,2.136,7.988,15.6034,11639.7,92980.38
2026-09-24,2026-04,payg_ec,PAYG EC,Existing customer pay-as-you-go,3,M3,M3 PAYG EC,5959,4985,0.8365,2.035,7.924,13.4891,10144.2,80381.55
2026-09-24,2026-04,payg_ec,PAYG EC,Existing customer pay-as-you-go,4,M4,M4 PAYG EC,5959,4526,0.7595,1.964,7.882,11.7544,8886.9,70044.57
2026-09-24,2026-04,payg_ec,PAYG EC,Existing customer pay-as-you-go,5,M5,M5 PAYG EC,5959,4139,0.6946,1.879,7.883,10.2892,7778.3,61313.35
2026-09-24,2026-04,payg_ec,PAYG EC,Existing customer pay-as-you-go,6,M6,M6 PAYG EC,5959,3741,0.6278,1.82,7.826,8.9439,6809.9,53296.69
2026-09-24,2026-03,nc_sub,NC Sub,New customer subscriber,1,M1,M1 NC Sub,4426,4426,1.0,2.872,9.026,25.9221,12711.4,114731.2
2026-09-24,2026-03,nc_sub,NC Sub,New customer subscriber,2,M2,M2 NC Sub,4426,4080,0.9218,2.809,9.019,23.3522,11459.7,103356.81
2026-09-24,2026-03,nc_sub,NC Sub,New customer subscriber,3,M3,M3 NC Sub,4426,3726,0.8418,2.757,8.923,20.7087,10271.5,91656.71
2026-09-24,2026-03,nc_sub,NC Sub,New customer subscriber,4,M4,M4 NC Sub,4426,3415,0.7716,2.636,8.842,17.9844,9002.4,79598.89
2026-09-24,2026-03,nc_sub,NC Sub,New customer subscriber,5,M5,M5 NC Sub,4426,3096,0.6995,2.576,8.823,15.8986,7975.5,70367.4
2026-09-24,2026-03,nc_sub,NC Sub,New customer subscriber,6,M6,M6 NC Sub,4426,2900,0.6552,2.51,8.703,14.3129,7279.3,63348.97
2026-09-24,2026-03,nc_sub,NC Sub,New customer subscriber,7,M7,M7 NC Sub,4426,2718,0.6141,2.414,8.578,12.7171,6561.7,56285.99
2026-09-24,2026-03,ec_sub,EC Sub,Existing customer subscriber,1,M1,M1 EC Sub,3630,3630,1.0,3.447,11.314,39.0018,12513.2,141576.37
2026-09-24,2026-03,ec_sub,EC Sub,Existing customer subscriber,2,M2,M2 EC Sub,3630,3518,0.9691,3.455,11.221,37.5732,12155.1,136390.79
2026-09-24,2026-03,ec_sub,EC Sub,Existing customer subscriber,3,M3,M3 EC Sub,3630,3395,0.9353,3.383,11.094,35.0967,11483.7,127400.93
2026-09-24,2026-03,ec_sub,EC Sub,Existing customer subscriber,4,M4,M4 EC Sub,3630,3262,0.8986,3.33,11.052,33.0767,10864.0,120068.5
2026-09-24,2026-03,ec_sub,EC Sub,Existing customer subscriber,5,M5,M5 EC Sub,3630,3091,0.8515,3.345,11.125,31.6844,10338.8,115014.45
2026-09-24,2026-03,ec_sub,EC Sub,Existing customer subscriber,6,M6,M6 EC Sub,3630,2999,0.8262,3.291,11.181,30.4034,9871.0,110364.32
2026-09-24,2026-03,ec_sub,EC Sub,Existing customer subscriber,7,M7,M7 EC Sub,3630,2916,0.8033,3.211,11.108,28.6483,9362.3,103993.18
2026-09-24,2026-03,payg_nc,PAYG NC,New customer pay-as-you-go,1,M1,M1 PAYG NC,10202,10202,1.0,1.565,7.172,11.2276,15970.5,114543.6
2026-09-24,2026-03,payg_nc,PAYG NC,New customer pay-as-you-go,2,M2,M2 PAYG NC,10202,8330,0.8165,1.48,7.097,8.5772,12329.0,87504.21
2026-09-24,2026-03,payg_nc,PAYG NC,New customer pay-as-you-go,3,M3,M3 PAYG NC,10202,6964,0.6826,1.379,7.07,6.6534,9600.6,67877.78
2026-09-24,2026-03,payg_nc,PAYG NC,New customer pay-as-you-go,4,M4,M4 PAYG NC,10202,5707,0.5594,1.285,7.01,5.0393,7334.2,51410.89
2026-09-24,2026-03,payg_nc,PAYG NC,New customer pay-as-you-go,5,M5,M5 PAYG NC,10202,4606,0.4515,1.194,6.97,3.7559,5498.0,38318.12
2026-09-24,2026-03,payg_nc,PAYG NC,New customer pay-as-you-go,6,M6,M6 PAYG NC,10202,3707,0.3634,1.135,6.905,2.8468,4206.0,29043.3
2026-09-24,2026-03,payg_nc,PAYG NC,New customer pay-as-you-go,7,M7,M7 PAYG NC,10202,2982,0.2923,1.063,6.859,2.1318,3170.8,21748.56
2026-09-24,2026-03,payg_ec,PAYG EC,Existing customer pay-as-you-go,1,M1,M1 PAYG EC,5717,5717,1.0,2.277,8.424,19.1825,13018.1,109666.49
2026-09-24,2026-03,payg_ec,PAYG EC,Existing customer pay-as-you-go,2,M2,M2 PAYG EC,5717,5229,0.9146,2.175,8.415,16.7429,11375.0,95718.96
2026-09-24,2026-03,payg_ec,PAYG EC,Existing customer pay-as-you-go,3,M3,M3 PAYG EC,5717,4670,0.8169,2.104,8.408,14.4531,9826.9,82628.32
2026-09-24,2026-03,payg_ec,PAYG EC,Existing customer pay-as-you-go,4,M4,M4 PAYG EC,5717,4127,0.7219,2.019,8.394,12.2356,8333.3,69951.09
2026-09-24,2026-03,payg_ec,PAYG EC,Existing customer pay-as-you-go,5,M5,M5 PAYG EC,5717,3663,0.6407,1.951,8.358,10.4475,7146.6,59728.57
2026-09-24,2026-03,payg_ec,PAYG EC,Existing customer pay-as-you-go,6,M6,M6 PAYG EC,5717,3354,0.5867,1.889,8.283,9.1802,6336.2,52483.25
2026-09-24,2026-03,payg_ec,PAYG EC,Existing customer pay-as-you-go,7,M7,M7 PAYG EC,5717,2991,0.5232,1.808,8.187,7.7445,5408.3,44275.21
2026-09-24,2026-02,nc_sub,NC Sub,New customer subscriber,1,M1,M1 NC Sub,4337,4337,1.0,2.932,9.822,28.7963,12715.5,124889.66
2026-09-24,2026-02,nc_sub,NC Sub,New customer subscriber,2,M2,M2 NC Sub,4337,4029,0.929,2.82,9.855,25.8125,11360.0,111948.82
2026-09-24,2026-02,nc_sub,NC Sub,New customer subscriber,3,M3,M3 NC Sub,4337,3695,0.852,2.707,9.787,22.5721,10002.2,97895.41
2026-09-24,2026-02,nc_sub,NC Sub,New customer subscriber,4,M4,M4 NC Sub,4337,3456,0.7969,2.658,9.831,20.8254,9186.9,90319.88
2026-09-24,2026-02,nc_sub,NC Sub,New customer subscriber,5,M5,M5 NC Sub,4337,3140,0.724,2.598,9.847,18.5229,8158.0,80333.72
2026-09-24,2026-02,nc_sub,NC Sub,New customer subscriber,6,M6,M6 NC Sub,4337,2877,0.6634,2.507,9.758,16.2276,7212.4,70379.02
2026-09-24,2026-02,nc_sub,NC Sub,New customer subscriber,7,M7,M7 NC Sub,4337,2668,0.6152,2.409,9.766,14.4717,6426.5,62763.56
2026-09-24,2026-02,nc_sub,NC Sub,New customer subscriber,8,M8,M8 NC Sub,4337,2465,0.5684,2.323,9.681,12.7835,5727.2,55441.96
2026-09-24,2026-02,ec_sub,EC Sub,Existing customer subscriber,1,M1,M1 EC Sub,3808,3808,1.0,3.577,10.952,39.1711,13619.4,149163.55
2026-09-24,2026-02,ec_sub,EC Sub,Existing customer subscriber,2,M2,M2 EC Sub,3808,3629,0.953,3.55,10.877,36.8015,12884.4,140140.15
2026-09-24,2026-02,ec_sub,EC Sub,Existing customer subscriber,3,M3,M3 EC Sub,3808,3463,0.9094,3.516,10.882,34.7963,12175.9,132504.26
2026-09-24,2026-02,ec_sub,EC Sub,Existing customer subscriber,4,M4,M4 EC Sub,3808,3298,0.8661,3.521,10.891,33.2075,11610.7,126454.25
2026-09-24,2026-02,ec_sub,EC Sub,Existing customer subscriber,5,M5,M5 EC Sub,3808,3182,0.8356,3.527,10.815,31.8697,11221.4,121359.72
2026-09-24,2026-02,ec_sub,EC Sub,Existing customer subscriber,6,M6,M6 EC Sub,3808,3104,0.8151,3.461,10.693,30.1639,10742.4,114863.95
2026-09-24,2026-02,ec_sub,EC Sub,Existing customer subscriber,7,M7,M7 EC Sub,3808,2932,0.77,3.427,10.68,28.177,10046.6,107298.13
2026-09-24,2026-02,ec_sub,EC Sub,Existing customer subscriber,8,M8,M8 EC Sub,3808,2829,0.7429,3.429,10.712,27.2842,9699.6,103898.26
2026-09-24,2026-02,payg_nc,PAYG NC,New customer pay-as-you-go,1,M1,M1 PAYG NC,9991,9991,1.0,1.66,6.902,11.4549,16582.1,114445.43
2026-09-24,2026-02,payg_nc,PAYG NC,New customer pay-as-you-go,2,M2,M2 PAYG NC,9991,8314,0.8321,1.58,6.874,9.0385,13136.3,90303.86
2026-09-24,2026-02,payg_nc,PAYG NC,New customer pay-as-you-go,3,M3,M3 PAYG NC,9991,6694,0.67,1.478,6.792,6.724,9891.4,67179.53
2026-09-24,2026-02,payg_nc,PAYG NC,New customer pay-as-you-go,4,M4,M4 PAYG NC,9991,5390,0.5395,1.396,6.73,5.0676,7523.6,50630.7
2026-09-24,2026-02,payg_nc,PAYG NC,New customer pay-as-you-go,5,M5,M5 PAYG NC,9991,4392,0.4396,1.323,6.715,3.9068,5812.7,39032.79
2026-09-24,2026-02,payg_nc,PAYG NC,New customer pay-as-you-go,6,M6,M6 PAYG NC,9991,3646,0.3649,1.24,6.606,2.9885,4519.9,29858.15
2026-09-24,2026-02,payg_nc,PAYG NC,New customer pay-as-you-go,7,M7,M7 PAYG NC,9991,2938,0.2941,1.174,6.548,2.2598,3448.1,22577.98
2026-09-24,2026-02,payg_nc,PAYG NC,New customer pay-as-you-go,8,M8,M8 PAYG NC,9991,2424,0.2426,1.097,6.469,1.7219,2659.3,17203.64
2026-09-24,2026-02,payg_ec,PAYG EC,Existing customer pay-as-you-go,1,M1,M1 PAYG EC,6536,6536,1.0,2.289,8.444,19.3273,14959.5,126323.15
2026-09-24,2026-02,payg_ec,PAYG EC,Existing customer pay-as-you-go,2,M2,M2 PAYG EC,6536,5947,0.9099,2.21,8.379,16.8499,13144.0,110130.75
2026-09-24,2026-02,payg_ec,PAYG EC,Existing customer pay-as-you-go,3,M3,M3 PAYG EC,6536,5374,0.8222,2.102,8.317,14.3783,11298.8,93976.74
2026-09-24,2026-02,payg_ec,PAYG EC,Existing customer pay-as-you-go,4,M4,M4 PAYG EC,6536,4885,0.7474,1.991,8.271,12.3098,9727.2,80456.66
2026-09-24,2026-02,payg_ec,PAYG EC,Existing customer pay-as-you-go,5,M5,M5 PAYG EC,6536,4374,0.6692,1.891,8.175,10.348,8273.0,67634.4
2026-09-24,2026-02,payg_ec,PAYG EC,Existing customer pay-as-you-go,6,M6,M6 PAYG EC,6536,4011,0.6137,1.839,8.089,9.1273,7375.0,59656.3
2026-09-24,2026-02,payg_ec,PAYG EC,Existing customer pay-as-you-go,7,M7,M7 PAYG EC,6536,3556,0.5441,1.76,7.967,7.6293,6258.8,49865.03
2026-09-24,2026-02,payg_ec,PAYG EC,Existing customer pay-as-you-go,8,M8,M8 PAYG EC,6536,3229,0.494,1.675,7.835,6.4824,5408.0,42369.07
2026-09-24,2026-01,nc_sub,NC Sub,New customer subscriber,1,M1,M1 NC Sub,4314,4314,1.0,2.863,9.624,27.5488,12348.9,118845.56
2026-09-24,2026-01,nc_sub,NC Sub,New customer subscriber,2,M2,M2 NC Sub,4314,3972,0.9207,2.767,9.548,24.3237,10990.5,104932.44
2026-09-24,2026-01,nc_sub,NC Sub,New customer subscriber,3,M3,M3 NC Sub,4314,3717,0.8616,2.646,9.515,21.6957,9836.9,93595.12
2026-09-24,2026-01,nc_sub,NC Sub,New customer subscriber,4,M4,M4 NC Sub,4314,3368,0.7807,2.562,9.514,19.0332,8629.9,82109.06
2026-09-24,2026-01,nc_sub,NC Sub,New customer subscriber,5,M5,M5 NC Sub,4314,3068,0.7112,2.469,9.49,16.6632,7574.6,71885.24
2026-09-24,2026-01,nc_sub,NC Sub,New customer subscriber,6,M6,M6 NC Sub,4314,2808,0.6509,2.361,9.356,14.3804,6630.6,62037.1
2026-09-24,2026-01,nc_sub,NC Sub,New customer subscriber,7,M7,M7 NC Sub,4314,2621,0.6076,2.29,9.241,12.8571,6002.1,55465.38
2026-09-24,2026-01,nc_sub,NC Sub,New customer subscriber,8,M8,M8 NC Sub,4314,2456,0.5693,2.233,9.129,11.606,5484.3,50068.26
2026-09-24,2026-01,nc_sub,NC Sub,New customer subscriber,9,M9,M9 NC Sub,4314,2271,0.5264,2.198,9.09,10.5156,4990.8,45364.16
2026-09-24,2026-01,ec_sub,EC Sub,Existing customer subscriber,1,M1,M1 EC Sub,3672,3672,1.0,3.643,11.011,40.1114,13376.7,147289.1
2026-09-24,2026-01,ec_sub,EC Sub,Existing customer subscriber,2,M2,M2 EC Sub,3672,3579,0.9747,3.556,11.043,38.2681,12725.3,140520.42
2026-09-24,2026-01,ec_sub,EC Sub,Existing customer subscriber,3,M3,M3 EC Sub,3672,3406,0.9276,3.477,11.038,35.5936,11841.0,130699.52
2026-09-24,2026-01,ec_sub,EC Sub,Existing customer subscriber,4,M4,M4 EC Sub,3672,3299,0.8984,3.454,10.913,33.8635,11394.7,124346.65
2026-09-24,2026-01,ec_sub,EC Sub,Existing customer subscriber,5,M5,M5 EC Sub,3672,3116,0.8486,3.412,10.905,31.5737,10632.1,115938.75
2026-09-24,2026-01,ec_sub,EC Sub,Existing customer subscriber,6,M6,M6 EC Sub,3672,2976,0.8105,3.336,10.779,29.1429,9928.1,107012.63
2026-09-24,2026-01,ec_sub,EC Sub,Existing customer subscriber,7,M7,M7 EC Sub,3672,2894,0.7881,3.312,10.731,28.0086,9584.0,102847.57
2026-09-24,2026-01,ec_sub,EC Sub,Existing customer subscriber,8,M8,M8 EC Sub,3672,2732,0.744,3.291,10.697,26.1941,8991.5,96184.59
2026-09-24,2026-01,ec_sub,EC Sub,Existing customer subscriber,9,M9,M9 EC Sub,3672,2663,0.7252,3.217,10.586,24.6941,8565.8,90676.81
2026-09-24,2026-01,payg_nc,PAYG NC,New customer pay-as-you-go,1,M1,M1 PAYG NC,9321,9321,1.0,1.548,6.755,10.4529,14424.3,97431.73
2026-09-24,2026-01,payg_nc,PAYG NC,New customer pay-as-you-go,2,M2,M2 PAYG NC,9321,7709,0.8271,1.462,6.696,8.0947,11268.0,75450.97
2026-09-24,2026-01,payg_nc,PAYG NC,New customer pay-as-you-go,3,M3,M3 PAYG NC,9321,6315,0.6775,1.372,6.575,6.1114,8663.6,56964.13
2026-09-24,2026-01,payg_nc,PAYG NC,New customer pay-as-you-go,4,M4,M4 PAYG NC,9321,5172,0.5549,1.303,6.568,4.7495,6740.6,44269.95
2026-09-24,2026-01,payg_nc,PAYG NC,New customer pay-as-you-go,5,M5,M5 PAYG NC,9321,4222,0.453,1.223,6.496,3.6002,5165.5,33557.14
2026-09-24,2026-01,payg_nc,PAYG NC,New customer pay-as-you-go,6,M6,M6 PAYG NC,9321,3509,0.3765,1.151,6.446,2.7928,4038.5,26032.08
2026-09-24,2026-01,payg_nc,PAYG NC,New customer pay-as-you-go,7,M7,M7 PAYG NC,9321,2842,0.3049,1.091,6.364,2.1163,3099.3,19725.59
2026-09-24,2026-01,payg_nc,PAYG NC,New customer pay-as-you-go,8,M8,M8 PAYG NC,9321,2375,0.2548,1.017,6.35,1.6454,2415.4,15337.09
2026-09-24,2026-01,payg_nc,PAYG NC,New customer pay-as-you-go,9,M9,M9 PAYG NC,9321,1971,0.2115,0.956,6.347,1.2826,1883.5,11954.97
2026-09-24,2026-01,payg_ec,PAYG EC,Existing customer pay-as-you-go,1,M1,M1 PAYG EC,6098,6098,1.0,2.278,8.454,19.2569,13890.8,117428.47
2026-09-24,2026-01,payg_ec,PAYG EC,Existing customer pay-as-you-go,2,M2,M2 PAYG EC,6098,5549,0.91,2.16,8.442,16.596,11988.5,101202.6
2026-09-24,2026-01,payg_ec,PAYG EC,Existing customer pay-as-you-go,3,M3,M3 PAYG EC,6098,4917,0.8063,2.053,8.341,13.8049,10093.0,84182.28
2026-09-24,2026-01,payg_ec,PAYG EC,Existing customer pay-as-you-go,4,M4,M4 PAYG EC,6098,4385,0.7191,1.995,8.265,11.8553,8747.0,72293.43
2026-09-24,2026-01,payg_ec,PAYG EC,Existing customer pay-as-you-go,5,M5,M5 PAYG EC,6098,3977,0.6522,1.942,8.18,10.3624,7724.5,63189.64
2026-09-24,2026-01,payg_ec,PAYG EC,Existing customer pay-as-you-go,6,M6,M6 PAYG EC,6098,3576,0.5864,1.851,8.116,8.8117,6620.7,53733.65
2026-09-24,2026-01,payg_ec,PAYG EC,Existing customer pay-as-you-go,7,M7,M7 PAYG EC,6098,3202,0.5251,1.759,8.138,7.5173,5633.2,45840.24
2026-09-24,2026-01,payg_ec,PAYG EC,Existing customer pay-as-you-go,8,M8,M8 PAYG EC,6098,2918,0.4785,1.671,8.135,6.5052,4876.1,39668.42
2026-09-24,2026-01,payg_ec,PAYG EC,Existing customer pay-as-you-go,9,M9,M9 PAYG EC,6098,2648,0.4342,1.609,8.032,5.6123,4261.0,34223.84
2026-09-24,2025-12,nc_sub,NC Sub,New customer subscriber,1,M1,M1 NC Sub,4287,4287,1.0,2.787,9.49,26.4442,11946.4,113366.18
2026-09-24,2025-12,nc_sub,NC Sub,New customer subscriber,2,M2,M2 NC Sub,4287,4023,0.9384,2.671,9.433,23.6466,10746.6,101373.13
2026-09-24,2025-12,nc_sub,NC Sub,New customer subscriber,3,M3,M3 NC Sub,4287,3643,0.8498,2.623,9.426,21.0091,9554.7,90065.88
2026-09-24,2025-12,nc_sub,NC Sub,New customer subscriber,4,M4,M4 NC Sub,4287,3322,0.7749,2.546,9.458,18.6623,8458.9,80005.4
2026-09-24,2025-12,nc_sub,NC Sub,New customer subscriber,5,M5,M5 NC Sub,4287,3023,0.7052,2.476,9.371,16.3625,7485.6,70146.09
2026-09-24,2025-12,nc_sub,NC Sub,New customer subscriber,6,M6,M6 NC Sub,4287,2834,0.6611,2.375,9.417,14.7872,6731.7,63392.65
2026-09-24,2025-12,nc_sub,NC Sub,New customer subscriber,7,M7,M7 NC Sub,4287,2659,0.6202,2.29,9.41,13.3672,6089.7,57305.21
2026-09-24,2025-12,nc_sub,NC Sub,New customer subscriber,8,M8,M8 NC Sub,4287,2441,0.5694,2.195,9.418,11.7692,5357.1,50454.6
2026-09-24,2025-12,nc_sub,NC Sub,New customer subscriber,9,M9,M9 NC Sub,4287,2272,0.53,2.1,9.457,10.5257,4771.6,45123.65
2026-09-24,2025-12,nc_sub,NC Sub,New customer subscriber,10,M10,M10 NC Sub,4287,2122,0.495,2.01,9.42,9.3708,4264.6,40172.76
2026-09-24,2025-12,ec_sub,EC Sub,Existing customer subscriber,1,M1,M1 EC Sub,4019,4019,1.0,3.448,10.541,36.3438,13856.3,146065.9
2026-09-24,2025-12,ec_sub,EC Sub,Existing customer subscriber,2,M2,M2 EC Sub,4019,3861,0.9607,3.461,10.54,35.044,13362.3,140841.82
2026-09-24,2025-12,ec_sub,EC Sub,Existing customer subscriber,3,M3,M3 EC Sub,4019,3780,0.9405,3.423,10.528,33.8963,12940.0,136229.36
2026-09-24,2025-12,ec_sub,EC Sub,Existing customer subscriber,4,M4,M4 EC Sub,4019,3648,0.9077,3.423,10.553,32.7913,12488.0,131788.18
2026-09-24,2025-12,ec_sub,EC Sub,Existing customer subscriber,5,M5,M5 EC Sub,4019,3548,0.8828,3.411,10.483,31.5672,12101.7,126868.39
2026-09-24,2025-12,ec_sub,EC Sub,Existing customer subscriber,6,M6,M6 EC Sub,4019,3392,0.844,3.341,10.557,29.7701,11333.0,119645.87
2026-09-24,2025-12,ec_sub,EC Sub,Existing customer subscriber,7,M7,M7 EC Sub,4019,3250,0.8087,3.354,10.465,28.3803,10899.2,114060.24
2026-09-24,2025-12,ec_sub,EC Sub,Existing customer subscriber,8,M8,M8 EC Sub,4019,3086,0.7679,3.282,10.501,26.4661,10129.7,106367.24
2026-09-24,2025-12,ec_sub,EC Sub,Existing customer subscriber,9,M9,M9 EC Sub,4019,2974,0.74,3.253,10.498,25.2724,9675.2,101569.92
2026-09-24,2025-12,ec_sub,EC Sub,Existing customer subscriber,10,M10,M10 EC Sub,4019,2814,0.7002,3.241,10.431,23.6719,9120.7,95137.27
2026-09-24,2025-12,payg_nc,PAYG NC,New customer pay-as-you-go,1,M1,M1 PAYG NC,9887,9887,1.0,1.623,7.295,11.8427,16051.5,117089.06
2026-09-24,2025-12,payg_nc,PAYG NC,New customer pay-as-you-go,2,M2,M2 PAYG NC,9887,8057,0.8149,1.52,7.226,8.9512,12247.4,88500.17
2026-09-24,2025-12,payg_nc,PAYG NC,New customer pay-as-you-go,3,M3,M3 PAYG NC,9887,6716,0.6793,1.415,7.224,6.946,9506.4,68675.31
2026-09-24,2025-12,payg_nc,PAYG NC,New customer pay-as-you-go,4,M4,M4 PAYG NC,9887,5548,0.5611,1.33,7.139,5.3283,7379.3,52680.66
2026-09-24,2025-12,payg_nc,PAYG NC,New customer pay-as-you-go,5,M5,M5 PAYG NC,9887,4554,0.4606,1.25,7.101,4.0895,5694.0,40433.08
2026-09-24,2025-12,payg_nc,PAYG NC,New customer pay-as-you-go,6,M6,M6 PAYG NC,9887,3784,0.3827,1.189,7.063,3.215,4500.8,31787.15
2026-09-24,2025-12,payg_nc,PAYG NC,New customer pay-as-you-go,7,M7,M7 PAYG NC,9887,3064,0.3099,1.118,6.972,2.4162,3426.4,23888.73
2026-09-24,2025-12,payg_nc,PAYG NC,New customer pay-as-you-go,8,M8,M8 PAYG NC,9887,2501,0.253,1.04,6.924,1.8208,2599.9,18002.53
2026-09-24,2025-12,payg_nc,PAYG NC,New customer pay-as-you-go,9,M9,M9 PAYG NC,9887,2024,0.2047,0.989,6.824,1.3811,2001.1,13654.76
2026-09-24,2025-12,payg_nc,PAYG NC,New customer pay-as-you-go,10,M10,M10 PAYG NC,9887,1637,0.1656,0.939,6.816,1.0591,1536.4,10471.6
2026-09-24,2025-12,payg_ec,PAYG EC,Existing customer pay-as-you-go,1,M1,M1 PAYG EC,6134,6134,1.0,2.166,7.82,16.9413,13288.6,103917.99
2026-09-24,2025-12,payg_ec,PAYG EC,Existing customer pay-as-you-go,2,M2,M2 PAYG EC,6134,5500,0.8966,2.078,7.771,14.4775,11427.8,88805.22
2026-09-24,2025-12,payg_ec,PAYG EC,Existing customer pay-as-you-go,3,M3,M3 PAYG EC,6134,4870,0.7939,1.999,7.651,12.1454,9736.7,74500.0
2026-09-24,2025-12,payg_ec,PAYG EC,Existing customer pay-as-you-go,4,M4,M4 PAYG EC,6134,4415,0.7198,1.899,7.558,10.3306,8384.5,63368.12
2026-09-24,2025-12,payg_ec,PAYG EC,Existing customer pay-as-you-go,5,M5,M5 PAYG EC,6134,4052,0.6606,1.798,7.499,8.9069,7285.7,54634.62
2026-09-24,2025-12,payg_ec,PAYG EC,Existing customer pay-as-you-go,6,M6,M6 PAYG EC,6134,3704,0.6038,1.748,7.411,7.8221,6474.2,47980.51
2026-09-24,2025-12,payg_ec,PAYG EC,Existing customer pay-as-you-go,7,M7,M7 PAYG EC,6134,3352,0.5465,1.694,7.35,6.8049,5679.4,41741.29
2026-09-24,2025-12,payg_ec,PAYG EC,Existing customer pay-as-you-go,8,M8,M8 PAYG EC,6134,3072,0.5008,1.605,7.28,5.8506,4929.8,35887.61
2026-09-24,2025-12,payg_ec,PAYG EC,Existing customer pay-as-you-go,9,M9,M9 PAYG EC,6134,2717,0.4429,1.547,7.184,4.9233,4203.7,30199.77
2026-09-24,2025-12,payg_ec,PAYG EC,Existing customer pay-as-you-go,10,M10,M10 PAYG EC,6134,2401,0.3914,1.467,7.141,4.1007,3522.5,25153.91
2026-09-24,2025-11,nc_sub,NC Sub,New customer subscriber,1,M1,M1 NC Sub,4232,4232,1.0,2.662,9.936,26.4462,11264.7,111920.29
2026-09-24,2025-11,nc_sub,NC Sub,New customer subscriber,2,M2,M2 NC Sub,4232,3836,0.9064,2.572,9.927,23.142,9865.6,97937.05
2026-09-24,2025-11,nc_sub,NC Sub,New customer subscriber,3,M3,M3 NC Sub,4232,3474,0.8209,2.457,9.884,19.9392,8537.0,84382.74
2026-09-24,2025-11,nc_sub,NC Sub,New customer subscriber,4,M4,M4 NC Sub,4232,3190,0.7538,2.388,9.75,17.5536,7619.2,74286.7
2026-09-24,2025-11,nc_sub,NC Sub,New customer subscriber,5,M5,M5 NC Sub,4232,2927,0.6916,2.349,9.684,15.7342,6876.0,66587.29
2026-09-24,2025-11,nc_sub,NC Sub,New customer subscriber,6,M6,M6 NC Sub,4232,2705,0.6392,2.3,9.661,14.2049,6222.4,60115.0
2026-09-24,2025-11,nc_sub,NC Sub,New customer subscriber,7,M7,M7 NC Sub,4232,2459,0.581,2.236,9.598,12.4711,5498.8,52777.68
2026-09-24,2025-11,nc_sub,NC Sub,New customer subscriber,8,M8,M8 NC Sub,4232,2252,0.5321,2.149,9.591,10.9652,4838.6,46404.73
2026-09-24,2025-11,nc_sub,NC Sub,New customer subscriber,9,M9,M9 NC Sub,4232,2053,0.4851,2.113,9.594,9.8324,4337.1,41610.63
2026-09-24,2025-11,nc_sub,NC Sub,New customer subscriber,10,M10,M10 NC Sub,4232,1888,0.4461,2.039,9.529,8.6688,3849.8,36686.44
2026-09-24,2025-11,nc_sub,NC Sub,New customer subscriber,11,M11,M11 NC Sub,4232,1734,0.4097,2.003,9.502,7.7977,3472.9,33000.0
2026-09-24,2025-11,ec_sub,EC Sub,Existing customer subscriber,1,M1,M1 EC Sub,3860,3860,1.0,3.369,10.613,35.7561,13004.5,138018.58
2026-09-24,2025-11,ec_sub,EC Sub,Existing customer subscriber,2,M2,M2 EC Sub,3860,3665,0.9495,3.369,10.603,33.9127,12345.9,130902.92
2026-09-24,2025-11,ec_sub,EC Sub,Existing customer subscriber,3,M3,M3 EC Sub,3860,3477,0.9008,3.316,10.527,31.4431,11529.2,121370.3
2026-09-24,2025-11,ec_sub,EC Sub,Existing customer subscriber,4,M4,M4 EC Sub,3860,3349,0.8676,3.303,10.459,29.972,11061.2,115691.78
2026-09-24,2025-11,ec_sub,EC Sub,Existing customer subscriber,5,M5,M5 EC Sub,3860,3220,0.8342,3.298,10.422,28.6728,10619.2,110677.18
2026-09-24,2025-11,ec_sub,EC Sub,Existing customer subscriber,6,M6,M6 EC Sub,3860,3082,0.7984,3.237,10.338,26.7182,9975.7,103132.07
2026-09-24,2025-11,ec_sub,EC Sub,Existing customer subscriber,7,M7,M7 EC Sub,3860,2909,0.7536,3.237,10.23,24.9556,9416.2,96328.71
2026-09-24,2025-11,ec_sub,EC Sub,Existing customer subscriber,8,M8,M8 EC Sub,3860,2823,0.7313,3.215,10.133,23.8243,9075.0,91961.61
2026-09-24,2025-11,ec_sub,EC Sub,Existing customer subscriber,9,M9,M9 EC Sub,3860,2657,0.6883,3.152,10.096,21.9055,8374.9,84555.28
2026-09-24,2025-11,ec_sub,EC Sub,Existing customer subscriber,10,M10,M10 EC Sub,3860,2599,0.6733,3.155,10.01,21.2662,8200.5,82087.68
2026-09-24,2025-11,ec_sub,EC Sub,Existing customer subscriber,11,M11,M11 EC Sub,3860,2540,0.658,3.136,10.01,20.6562,7965.6,79732.97
2026-09-24,2025-11,payg_nc,PAYG NC,New customer pay-as-you-go,1,M1,M1 PAYG NC,9517,9517,1.0,1.669,6.797,11.3423,15881.8,107944.67
2026-09-24,2025-11,payg_nc,PAYG NC,New customer pay-as-you-go,2,M2,M2 PAYG NC,9517,7874,0.8274,1.59,6.761,8.8942,12520.6,84646.3
2026-09-24,2025-11,payg_nc,PAYG NC,New customer pay-as-you-go,3,M3,M3 PAYG NC,9517,6575,0.6909,1.504,6.684,6.9449,9889.0,66095.08
2026-09-24,2025-11,payg_nc,PAYG NC,New customer pay-as-you-go,4,M4,M4 PAYG NC,9517,5295,0.5564,1.427,6.567,5.2122,7554.1,49604.14
2026-09-24,2025-11,payg_nc,PAYG NC,New customer pay-as-you-go,5,M5,M5 PAYG NC,9517,4410,0.4634,1.345,6.535,4.073,5931.4,38763.14
2026-09-24,2025-11,payg_nc,PAYG NC,New customer pay-as-you-go,6,M6,M6 PAYG NC,9517,3613,0.3796,1.28,6.487,3.1526,4625.1,30003.29
2026-09-24,2025-11,payg_nc,PAYG NC,New customer pay-as-you-go,7,M7,M7 PAYG NC,9517,2922,0.307,1.187,6.406,2.335,3468.8,22222.23
2026-09-24,2025-11,payg_nc,PAYG NC,New customer pay-as-you-go,8,M8,M8 PAYG NC,9517,2378,0.2499,1.107,6.314,1.7466,2632.8,16622.54
2026-09-24,2025-11,payg_nc,PAYG NC,New customer pay-as-you-go,9,M9,M9 PAYG NC,9517,1918,0.2015,1.029,6.286,1.303,1972.7,12401.04
2026-09-24,2025-11,payg_nc,PAYG NC,New customer pay-as-you-go,10,M10,M10 PAYG NC,9517,1592,0.1673,0.957,6.224,0.9969,1524.2,9487.16
2026-09-24,2025-11,payg_nc,PAYG NC,New customer pay-as-you-go,11,M11,M11 PAYG NC,9517,1326,0.1393,0.89,6.144,0.762,1180.4,7251.58
2026-09-24,2025-11,payg_ec,PAYG EC,Existing customer pay-as-you-go,1,M1,M1 PAYG EC,6146,6146,1.0,2.306,8.402,19.3716,14170.7,119057.59
2026-09-24,2025-11,payg_ec,PAYG EC,Existing customer pay-as-you-go,2,M2,M2 PAYG EC,6146,5463,0.8889,2.182,8.265,16.0273,11918.3,98504.02
2026-09-24,2025-11,payg_ec,PAYG EC,Existing customer pay-as-you-go,3,M3,M3 PAYG EC,6146,4982,0.8106,2.119,8.246,14.1634,10556.5,87048.16
2026-09-24,2025-11,payg_ec,PAYG EC,Existing customer pay-as-you-go,4,M4,M4 PAYG EC,6146,4555,0.7411,2.048,8.197,12.4413,9328.0,76464.33
2026-09-24,2025-11,payg_ec,PAYG EC,Existing customer pay-as-you-go,5,M5,M5 PAYG EC,6146,4056,0.6599,1.958,8.175,10.5621,7940.5,64914.69
2026-09-24,2025-11,payg_ec,PAYG EC,Existing customer pay-as-you-go,6,M6,M6 PAYG EC,6146,3607,0.5869,1.857,8.078,8.8056,6699.9,54118.99
2026-09-24,2025-11,payg_ec,PAYG EC,Existing customer pay-as-you-go,7,M7,M7 PAYG EC,6146,3308,0.5382,1.81,8.077,7.8678,5987.1,48355.62
2026-09-24,2025-11,payg_ec,PAYG EC,Existing customer pay-as-you-go,8,M8,M8 PAYG EC,6146,2996,0.4875,1.714,8.036,6.7139,5134.6,41263.93
2026-09-24,2025-11,payg_ec,PAYG EC,Existing customer pay-as-you-go,9,M9,M9 PAYG EC,6146,2723,0.4431,1.668,7.91,5.845,4541.4,35923.5
2026-09-24,2025-11,payg_ec,PAYG EC,Existing customer pay-as-you-go,10,M10,M10 PAYG EC,6146,2441,0.3972,1.589,7.909,4.9916,3879.0,30678.16
2026-09-24,2025-11,payg_ec,PAYG EC,Existing customer pay-as-you-go,11,M11,M11 PAYG EC,6146,2171,0.3532,1.525,7.834,4.2209,3311.3,25941.65
2026-09-24,2025-10,nc_sub,NC Sub,New customer subscriber,1,M1,M1 NC Sub,3969,3969,1.0,2.937,9.04,26.5463,11655.5,105362.25
2026-09-24,2025-10,nc_sub,NC Sub,New customer subscriber,2,M2,M2 NC Sub,3969,3609,0.9093,2.878,8.947,23.4173,10388.4,92943.21
2026-09-24,2025-10,nc_sub,NC Sub,New customer subscriber,3,M3,M3 NC Sub,3969,3379,0.8513,2.778,8.99,21.2602,9385.9,84381.77
2026-09-24,2025-10,nc_sub,NC Sub,New customer subscriber,4,M4,M4 NC Sub,3969,3064,0.772,2.698,9.026,18.802,8267.6,74625.04
2026-09-24,2025-10,nc_sub,NC Sub,New customer subscriber,5,M5,M5 NC Sub,3969,2767,0.6972,2.635,8.956,16.4534,7291.3,65303.69
2026-09-24,2025-10,nc_sub,NC Sub,New customer subscriber,6,M6,M6 NC Sub,3969,2556,0.644,2.574,8.948,14.8346,6580.2,58878.35
2026-09-24,2025-10,nc_sub,NC Sub,New customer subscriber,7,M7,M7 NC Sub,3969,2308,0.5815,2.465,8.964,12.8501,5689.8,51002.2
2026-09-24,2025-10,nc_sub,NC Sub,New customer subscriber,8,M8,M8 NC Sub,3969,2101,0.5294,2.371,8.848,11.1074,4982.4,44085.28
2026-09-24,2025-10,nc_sub,NC Sub,New customer subscriber,9,M9,M9 NC Sub,3969,1957,0.4931,2.317,8.884,10.1479,4533.7,40277.06
2026-09-24,2025-10,nc_sub,NC Sub,New customer subscriber,10,M10,M10 NC Sub,3969,1794,0.452,2.277,8.839,9.0985,4085.6,36111.84
2026-09-24,2025-10,nc_sub,NC Sub,New customer subscriber,11,M11,M11 NC Sub,3969,1674,0.4218,2.216,8.763,8.189,3708.9,32502.04
2026-09-24,2025-10,nc_sub,NC Sub,New customer subscriber,12,M12,M12 NC Sub,3969,1552,0.391,2.141,8.689,7.2739,3322.5,28870.25
2026-09-24,2025-10,ec_sub,EC Sub,Existing customer subscriber,1,M1,M1 EC Sub,3920,3920,1.0,3.406,11.159,38.0013,13349.7,148965.09
2026-09-24,2025-10,ec_sub,EC Sub,Existing customer subscriber,2,M2,M2 EC Sub,3920,3802,0.9699,3.345,11.06,35.8882,12719.5,140681.84
2026-09-24,2025-10,ec_sub,EC Sub,Existing customer subscriber,3,M3,M3 EC Sub,3920,3715,0.9477,3.304,10.981,34.3809,12273.7,134773.27
2026-09-24,2025-10,ec_sub,EC Sub,Existing customer subscriber,4,M4,M4 EC Sub,3920,3611,0.9212,3.225,10.903,32.3878,11644.3,126960.24
2026-09-24,2025-10,ec_sub,EC Sub,Existing customer subscriber,5,M5,M5 EC Sub,3920,3502,0.8934,3.227,10.983,31.6601,11300.5,124107.79
2026-09-24,2025-10,ec_sub,EC Sub,Existing customer subscriber,6,M6,M6 EC Sub,3920,3391,0.8651,3.148,11.024,30.0181,10674.2,117670.9
2026-09-24,2025-10,ec_sub,EC Sub,Existing customer subscriber,7,M7,M7 EC Sub,3920,3213,0.8196,3.158,11.015,28.5115,10146.5,111765.17
2026-09-24,2025-10,ec_sub,EC Sub,Existing customer subscriber,8,M8,M8 EC Sub,3920,3144,0.802,3.17,10.92,27.7673,9967.5,108847.77
2026-09-24,2025-10,ec_sub,EC Sub,Existing customer subscriber,9,M9,M9 EC Sub,3920,2970,0.7577,3.129,10.927,25.9061,9293.5,101551.8
2026-09-24,2025-10,ec_sub,EC Sub,Existing customer subscriber,10,M10,M10 EC Sub,3920,2856,0.7286,3.079,10.872,24.3876,8792.9,95599.48
2026-09-24,2025-10,ec_sub,EC Sub,Existing customer subscriber,11,M11,M11 EC Sub,3920,2727,0.6957,3.077,10.809,23.1387,8391.9,90703.77
2026-09-24,2025-10,ec_sub,EC Sub,Existing customer subscriber,12,M12,M12 EC Sub,3920,2652,0.6765,3.011,10.745,21.8878,7984.8,85800.3
2026-09-24,2025-10,payg_nc,PAYG NC,New customer pay-as-you-go,1,M1,M1 PAYG NC,8911,8911,1.0,1.567,7.092,11.1113,13960.5,99012.57
2026-09-24,2025-10,payg_nc,PAYG NC,New customer pay-as-you-go,2,M2,M2 PAYG NC,8911,7420,0.8327,1.46,7.045,8.5616,10829.6,76292.25
2026-09-24,2025-10,payg_nc,PAYG NC,New customer pay-as-you-go,3,M3,M3 PAYG NC,8911,6049,0.6788,1.382,6.937,6.5093,8361.5,58004.01
2026-09-24,2025-10,payg_nc,PAYG NC,New customer pay-as-you-go,4,M4,M4 PAYG NC,8911,4964,0.5571,1.306,6.814,4.9564,6482.0,44166.14
2026-09-24,2025-10,payg_nc,PAYG NC,New customer pay-as-you-go,5,M5,M5 PAYG NC,8911,4017,0.4508,1.24,6.769,3.7838,4981.0,33717.5
2026-09-24,2025-10,payg_nc,PAYG NC,New customer pay-as-you-go,6,M6,M6 PAYG NC,8911,3309,0.3713,1.157,6.663,2.8634,3829.3,25515.54
2026-09-24,2025-10,payg_nc,PAYG NC,New customer pay-as-you-go,7,M7,M7 PAYG NC,8911,2678,0.3005,1.1,6.584,2.1774,2947.1,19402.8
2026-09-24,2025-10,payg_nc,PAYG NC,New customer pay-as-you-go,8,M8,M8 PAYG NC,8911,2218,0.2489,1.032,6.467,1.6608,2288.3,14799.25
2026-09-24,2025-10,payg_nc,PAYG NC,New customer pay-as-you-go,9,M9,M9 PAYG NC,8911,1825,0.2048,0.961,6.449,1.2697,1754.5,11314.27
2026-09-24,2025-10,payg_nc,PAYG NC,New customer pay-as-you-go,10,M10,M10 PAYG NC,8911,1474,0.1654,0.898,6.442,0.9564,1322.9,8522.54
2026-09-24,2025-10,payg_nc,PAYG NC,New customer pay-as-you-go,11,M11,M11 PAYG NC,8911,1230,0.138,0.845,6.377,0.7442,1040.0,6631.89
2026-09-24,2025-10,payg_nc,PAYG NC,New customer pay-as-you-go,12,M12,M12 PAYG NC,8911,1009,0.1132,0.789,6.324,0.565,796.1,5035.07
2026-09-24,2025-10,payg_ec,PAYG EC,Existing customer pay-as-you-go,1,M1,M1 PAYG EC,6397,6397,1.0,2.283,8.39,19.1528,14603.4,122520.15
2026-09-24,2025-10,payg_ec,PAYG EC,Existing customer pay-as-you-go,2,M2,M2 PAYG EC,6397,5828,0.9111,2.195,8.385,16.766,12790.9,107252.21
2026-09-24,2025-10,payg_ec,PAYG EC,Existing customer pay-as-you-go,3,M3,M3 PAYG EC,6397,5156,0.806,2.11,8.346,14.1967,10881.4,90816.12
2026-09-24,2025-10,payg_ec,PAYG EC,Existing customer pay-as-you-go,4,M4,M4 PAYG EC,6397,4570,0.7144,2.006,8.261,11.836,9165.5,75714.65
2026-09-24,2025-10,payg_ec,PAYG EC,Existing customer pay-as-you-go,5,M5,M5 PAYG EC,6397,4095,0.6401,1.945,8.124,10.1157,7965.2,64710.44
2026-09-24,2025-10,payg_ec,PAYG EC,Existing customer pay-as-you-go,6,M6,M6 PAYG EC,6397,3740,0.5846,1.844,8.039,8.6655,6895.2,55433.25
2026-09-24,2025-10,payg_ec,PAYG EC,Existing customer pay-as-you-go,7,M7,M7 PAYG EC,6397,3351,0.5238,1.744,8.048,7.3532,5844.5,47038.12
2026-09-24,2025-10,payg_ec,PAYG EC,Existing customer pay-as-you-go,8,M8,M8 PAYG EC,6397,3026,0.473,1.667,8.044,6.342,5043.8,40569.92
2026-09-24,2025-10,payg_ec,PAYG EC,Existing customer pay-as-you-go,9,M9,M9 PAYG EC,6397,2684,0.4196,1.589,8.024,5.3511,4266.1,34230.74
2026-09-24,2025-10,payg_ec,PAYG EC,Existing customer pay-as-you-go,10,M10,M10 PAYG EC,6397,2377,0.3716,1.519,7.955,4.4899,3610.7,28721.96
2026-09-24,2025-10,payg_ec,PAYG EC,Existing customer pay-as-you-go,11,M11,M11 PAYG EC,6397,2148,0.3358,1.452,7.863,3.8337,3118.8,24524.02
2026-09-24,2025-10,payg_ec,PAYG EC,Existing customer pay-as-you-go,12,M12,M12 PAYG EC,6397,1927,0.3012,1.38,7.804,3.2452,2660.0,20759.48
2026-09-24,2025-09,nc_sub,NC Sub,New customer subscriber,1,M1,M1 NC Sub,4502,4502,1.0,2.862,9.064,25.9399,12884.8,116781.65
2026-09-24,2025-09,nc_sub,NC Sub,New customer subscriber,2,M2,M2 NC Sub,4502,4220,0.9374,2.794,8.942,23.4143,11788.7,105411.34
2026-09-24,2025-09,nc_sub,NC Sub,New customer subscriber,3,M3,M3 NC Sub,4502,3886,0.8632,2.705,8.928,20.8456,10511.3,93846.75
2026-09-24,2025-09,nc_sub,NC Sub,New customer subscriber,4,M4,M4 NC Sub,4502,3627,0.8056,2.648,8.903,18.9917,9603.3,85500.8
2026-09-24,2025-09,nc_sub,NC Sub,New customer subscriber,5,M5,M5 NC Sub,4502,3294,0.7317,2.584,8.936,16.8918,8510.3,76046.99
2026-09-24,2025-09,nc_sub,NC Sub,New customer subscriber,6,M6,M6 NC Sub,4502,3088,0.6859,2.492,8.974,15.3376,7694.1,69049.89
2026-09-24,2025-09,nc_sub,NC Sub,New customer subscriber,7,M7,M7 NC Sub,4502,2877,0.639,2.401,8.849,13.5783,6907.8,61129.54
2026-09-24,2025-09,nc_sub,NC Sub,New customer subscriber,8,M8,M8 NC Sub,4502,2643,0.5871,2.35,8.769,12.0994,6212.0,54471.54
2026-09-24,2025-09,nc_sub,NC Sub,New customer subscriber,9,M9,M9 NC Sub,4502,2397,0.5324,2.307,8.754,10.7521,5529.2,48405.77
2026-09-24,2025-09,nc_sub,NC Sub,New customer subscriber,10,M10,M10 NC Sub,4502,2165,0.4809,2.245,8.741,9.4361,4859.8,42481.2
2026-09-24,2025-09,nc_sub,NC Sub,New customer subscriber,11,M11,M11 NC Sub,4502,2011,0.4467,2.163,8.651,8.3572,4349.3,37624.32
2026-09-24,2025-09,nc_sub,NC Sub,New customer subscriber,12,M12,M12 NC Sub,4502,1870,0.4154,2.082,8.559,7.4001,3892.5,33315.09
2026-09-24,2025-09,nc_sub,NC Sub,New customer subscriber,13,M13,M13 NC Sub,4502,1747,0.388,2.026,8.485,6.6722,3540.0,30038.24
2026-09-24,2025-09,ec_sub,EC Sub,Existing customer subscriber,1,M1,M1 EC Sub,4078,4078,1.0,3.47,11.435,39.6797,14151.4,161813.96
2026-09-24,2025-09,ec_sub,EC Sub,Existing customer subscriber,2,M2,M2 EC Sub,4078,3843,0.9424,3.426,11.314,36.5271,13166.2,148957.65
2026-09-24,2025-09,ec_sub,EC Sub,Existing customer subscriber,3,M3,M3 EC Sub,4078,3673,0.9007,3.346,11.271,33.9689,12290.1,138525.05
2026-09-24,2025-09,ec_sub,EC Sub,Existing customer subscriber,4,M4,M4 EC Sub,4078,3570,0.8754,3.278,11.34,32.544,11703.2,132714.44
2026-09-24,2025-09,ec_sub,EC Sub,Existing customer subscriber,5,M5,M5 EC Sub,4078,3430,0.8411,3.198,11.279,30.3341,10967.5,123702.43
2026-09-24,2025-09,ec_sub,EC Sub,Existing customer subscriber,6,M6,M6 EC Sub,4078,3309,0.8114,3.178,11.231,28.9587,10514.9,118093.54
2026-09-24,2025-09,ec_sub,EC Sub,Existing customer subscriber,7,M7,M7 EC Sub,4078,3180,0.7798,3.106,11.259,27.2665,9875.8,111192.7
2026-09-24,2025-09,ec_sub,EC Sub,Existing customer subscriber,8,M8,M8 EC Sub,4078,3034,0.744,3.093,11.236,25.8545,9383.5,105434.85
2026-09-24,2025-09,ec_sub,EC Sub,Existing customer subscriber,9,M9,M9 EC Sub,4078,2900,0.7111,3.103,11.24,24.8037,8999.1,101149.42
2026-09-24,2025-09,ec_sub,EC Sub,Existing customer subscriber,10,M10,M10 EC Sub,4078,2787,0.6834,3.054,11.319,23.6261,8511.7,96347.27
2026-09-24,2025-09,ec_sub,EC Sub,Existing customer subscriber,11,M11,M11 EC Sub,4078,2682,0.6577,3.0,11.299,22.2937,8046.4,90913.6
2026-09-24,2025-09,ec_sub,EC Sub,Existing customer subscriber,12,M12,M12 EC Sub,4078,2612,0.6405,2.974,11.279,21.4822,7767.3,87604.26
2026-09-24,2025-09,ec_sub,EC Sub,Existing customer subscriber,13,M13,M13 EC Sub,4078,2516,0.617,2.958,11.27,20.5706,7443.6,83887.07
2026-09-24,2025-09,payg_nc,PAYG NC,New customer pay-as-you-go,1,M1,M1 PAYG NC,9247,9247,1.0,1.658,6.855,11.3647,15330.2,105089.06
2026-09-24,2025-09,payg_nc,PAYG NC,New customer pay-as-you-go,2,M2,M2 PAYG NC,9247,7455,0.8062,1.55,6.781,8.4711,11552.2,78331.96
2026-09-24,2025-09,payg_nc,PAYG NC,New customer pay-as-you-go,3,M3,M3 PAYG NC,9247,6048,0.654,1.469,6.67,6.4085,8884.5,59259.17
2026-09-24,2025-09,payg_nc,PAYG NC,New customer pay-as-you-go,4,M4,M4 PAYG NC,9247,4935,0.5337,1.39,6.605,4.8986,6857.7,45297.38
2026-09-24,2025-09,payg_nc,PAYG NC,New customer pay-as-you-go,5,M5,M5 PAYG NC,9247,4045,0.4374,1.32,6.501,3.7535,5339.3,34709.04
2026-09-24,2025-09,payg_nc,PAYG NC,New customer pay-as-you-go,6,M6,M6 PAYG NC,9247,3327,0.3598,1.25,6.406,2.8821,4160.1,26650.94
2026-09-24,2025-09,payg_nc,PAYG NC,New customer pay-as-you-go,7,M7,M7 PAYG NC,9247,2754,0.2978,1.178,6.324,2.2187,3244.2,20516.48
2026-09-24,2025-09,payg_nc,PAYG NC,New customer pay-as-you-go,8,M8,M8 PAYG NC,9247,2240,0.2422,1.098,6.225,1.6557,2459.4,15310.58
2026-09-24,2025-09,payg_nc,PAYG NC,New customer pay-as-you-go,9,M9,M9 PAYG NC,9247,1846,0.1996,1.038,6.103,1.2652,1916.9,11699.74
2026-09-24,2025-09,payg_nc,PAYG NC,New customer pay-as-you-go,10,M10,M10 PAYG NC,9247,1531,0.1656,0.975,6.098,0.9841,1492.2,9099.76
2026-09-24,2025-09,payg_nc,PAYG NC,New customer pay-as-you-go,11,M11,M11 PAYG NC,9247,1262,0.1365,0.913,6.06,0.7553,1152.5,6983.98
2026-09-24,2025-09,payg_nc,PAYG NC,New customer pay-as-you-go,12,M12,M12 PAYG NC,9247,1055,0.1141,0.846,5.974,0.5768,892.8,5333.99
2026-09-24,2025-09,payg_nc,PAYG NC,New customer pay-as-you-go,13,M13,M13 PAYG NC,9247,848,0.0917,0.799,5.871,0.4301,677.4,3976.71
2026-09-24,2025-09,payg_ec,PAYG EC,Existing customer pay-as-you-go,1,M1,M1 PAYG EC,6066,6066,1.0,2.262,7.86,17.7754,13719.1,107825.46
2026-09-24,2025-09,payg_ec,PAYG EC,Existing customer pay-as-you-go,2,M2,M2 PAYG EC,6066,5409,0.8917,2.185,7.837,15.2693,11818.3,92623.61
2026-09-24,2025-09,payg_ec,PAYG EC,Existing customer pay-as-you-go,3,M3,M3 PAYG EC,6066,4951,0.8162,2.075,7.802,13.2139,10273.2,80155.31
2026-09-24,2025-09,payg_ec,PAYG EC,Existing customer pay-as-you-go,4,M4,M4 PAYG EC,6066,4460,0.7352,1.984,7.705,11.2382,8847.4,68170.84
2026-09-24,2025-09,payg_ec,PAYG EC,Existing customer pay-as-you-go,5,M5,M5 PAYG EC,6066,3945,0.6503,1.889,7.613,9.3535,7453.2,56738.25
2026-09-24,2025-09,payg_ec,PAYG EC,Existing customer pay-as-you-go,6,M6,M6 PAYG EC,6066,3584,0.5908,1.799,7.484,7.9531,6446.5,48243.57
2026-09-24,2025-09,payg_ec,PAYG EC,Existing customer pay-as-you-go,7,M7,M7 PAYG EC,6066,3203,0.528,1.73,7.395,6.7563,5541.8,40983.58
2026-09-24,2025-09,payg_ec,PAYG EC,Existing customer pay-as-you-go,8,M8,M8 PAYG EC,6066,2906,0.4791,1.648,7.381,5.8282,4790.1,35354.1
2026-09-24,2025-09,payg_ec,PAYG EC,Existing customer pay-as-you-go,9,M9,M9 PAYG EC,6066,2641,0.4354,1.586,7.384,5.0992,4189.2,30931.86
2026-09-24,2025-09,payg_ec,PAYG EC,Existing customer pay-as-you-go,10,M10,M10 PAYG EC,6066,2372,0.391,1.523,7.335,4.3695,3613.5,26505.12
2026-09-24,2025-09,payg_ec,PAYG EC,Existing customer pay-as-you-go,11,M11,M11 PAYG EC,6066,2177,0.3589,1.449,7.252,3.7704,3153.7,22871.45
2026-09-24,2025-09,payg_ec,PAYG EC,Existing customer pay-as-you-go,12,M12,M12 PAYG EC,6066,1926,0.3175,1.37,7.243,3.1514,2639.3,19116.67
2026-09-24,2025-09,payg_ec,PAYG EC,Existing customer pay-as-you-go,13,M13,M13 PAYG EC,6066,1718,0.2832,1.329,7.256,2.7305,2282.7,16563.13
2026-09-24,2025-08,nc_sub,NC Sub,New customer subscriber,1,M1,M1 NC Sub,4142,4142,1.0,2.727,9.768,26.6338,11293.2,110317.37
2026-09-24,2025-08,nc_sub,NC Sub,New customer subscriber,2,M2,M2 NC Sub,4142,3797,0.9167,2.616,9.794,23.4888,9934.1,97290.59
2026-09-24,2025-08,nc_sub,NC Sub,New customer subscriber,3,M3,M3 NC Sub,4142,3424,0.8267,2.529,9.712,20.2998,8657.9,84081.86
2026-09-24,2025-08,nc_sub,NC Sub,New customer subscriber,4,M4,M4 NC Sub,4142,3174,0.7663,2.417,9.62,17.8182,7672.1,73803.09
2026-09-24,2025-08,nc_sub,NC Sub,New customer subscriber,5,M5,M5 NC Sub,4142,2886,0.6968,2.342,9.486,15.4795,6759.0,64116.16
2026-09-24,2025-08,nc_sub,NC Sub,New customer subscriber,6,M6,M6 NC Sub,4142,2615,0.6313,2.287,9.499,13.7151,5980.3,56808.07
2026-09-24,2025-08,nc_sub,NC Sub,New customer subscriber,7,M7,M7 NC Sub,4142,2387,0.5763,2.209,9.52,12.1209,5273.4,50204.79
2026-09-24,2025-08,nc_sub,NC Sub,New customer subscriber,8,M8,M8 NC Sub,4142,2182,0.5268,2.122,9.46,10.5748,4630.0,43800.66
2026-09-24,2025-08,nc_sub,NC Sub,New customer subscriber,9,M9,M9 NC Sub,4142,2036,0.4915,2.084,9.48,9.7113,4243.1,40224.34
2026-09-24,2025-08,nc_sub,NC Sub,New customer subscriber,10,M10,M10 NC Sub,4142,1895,0.4575,2.021,9.453,8.7423,3830.5,36210.8
2026-09-24,2025-08,nc_sub,NC Sub,New customer subscriber,11,M11,M11 NC Sub,4142,1758,0.4244,1.936,9.471,7.7809,3402.9,32228.45
2026-09-24,2025-08,nc_sub,NC Sub,New customer subscriber,12,M12,M12 NC Sub,4142,1638,0.3955,1.875,9.421,6.9848,3071.0,28931.14
2026-09-24,2025-08,nc_sub,NC Sub,New customer subscriber,13,M13,M13 NC Sub,4142,1508,0.3641,1.823,9.384,6.2288,2749.3,25799.67
2026-09-24,2025-08,nc_sub,NC Sub,New customer subscriber,14,M14,M14 NC Sub,4142,1369,0.3305,1.77,9.371,5.4816,2422.9,22704.83
2026-09-24,2025-08,ec_sub,EC Sub,Existing customer subscriber,1,M1,M1 EC Sub,3931,3931,1.0,3.63,11.393,41.3589,14270.2,162581.83
2026-09-24,2025-08,ec_sub,EC Sub,Existing customer subscriber,2,M2,M2 EC Sub,3931,3747,0.9532,3.637,11.407,39.5431,13627.1,155443.99
2026-09-24,2025-08,ec_sub,EC Sub,Existing customer subscriber,3,M3,M3 EC Sub,3931,3613,0.9191,3.62,11.463,38.1375,13078.7,149918.42
2026-09-24,2025-08,ec_sub,EC Sub,Existing customer subscriber,4,M4,M4 EC Sub,3931,3455,0.8789,3.543,11.529,35.8967,12239.9,141109.74
2026-09-24,2025-08,ec_sub,EC Sub,Existing customer subscriber,5,M5,M5 EC Sub,3931,3363,0.8555,3.558,11.558,35.1819,11965.6,138300.21
2026-09-24,2025-08,ec_sub,EC Sub,Existing customer subscriber,6,M6,M6 EC Sub,3931,3196,0.813,3.528,11.48,32.9251,11274.1,129428.42
2026-09-24,2025-08,ec_sub,EC Sub,Existing customer subscriber,7,M7,M7 EC Sub,3931,3046,0.7749,3.463,11.446,30.7173,10549.6,120749.78
2026-09-24,2025-08,ec_sub,EC Sub,Existing customer subscriber,8,M8,M8 EC Sub,3931,2925,0.7441,3.436,11.453,29.28,10049.9,115099.56
2026-09-24,2025-08,ec_sub,EC Sub,Existing customer subscriber,9,M9,M9 EC Sub,3931,2820,0.7174,3.442,11.541,28.4957,9705.7,112016.72
2026-09-24,2025-08,ec_sub,EC Sub,Existing customer subscriber,10,M10,M10 EC Sub,3931,2656,0.6757,3.425,11.508,26.6267,9095.7,104669.66
2026-09-24,2025-08,ec_sub,EC Sub,Existing customer subscriber,11,M11,M11 EC Sub,3931,2595,0.6601,3.386,11.528,25.768,8786.7,101293.89
2026-09-24,2025-08,ec_sub,EC Sub,Existing customer subscriber,12,M12,M12 EC Sub,3931,2519,0.6408,3.353,11.499,24.7071,8446.6,97123.75
2026-09-24,2025-08,ec_sub,EC Sub,Existing customer subscriber,13,M13,M13 EC Sub,3931,2458,0.6253,3.281,11.365,23.3165,8064.8,91657.04
2026-09-24,2025-08,ec_sub,EC Sub,Existing customer subscriber,14,M14,M14 EC Sub,3931,2396,0.6095,3.222,11.261,22.1159,7720.1,86937.79
2026-09-24,2025-08,payg_nc,PAYG NC,New customer pay-as-you-go,1,M1,M1 PAYG NC,8870,8870,1.0,1.62,6.892,11.1659,14369.9,99041.94
2026-09-24,2025-08,payg_nc,PAYG NC,New customer pay-as-you-go,2,M2,M2 PAYG NC,8870,7278,0.8205,1.516,6.838,8.5042,11031.3,75432.29
2026-09-24,2025-08,payg_nc,PAYG NC,New customer pay-as-you-go,3,M3,M3 PAYG NC,8870,5939,0.6696,1.441,6.775,6.5351,8555.7,57966.03
2026-09-24,2025-08,payg_nc,PAYG NC,New customer pay-as-you-go,4,M4,M4 PAYG NC,8870,4950,0.5581,1.359,6.709,5.0873,6725.9,45124.27
2026-09-24,2025-08,payg_nc,PAYG NC,New customer pay-as-you-go,5,M5,M5 PAYG NC,8870,4120,0.4645,1.28,6.631,3.9412,5271.7,34958.56
2026-09-24,2025-08,payg_nc,PAYG NC,New customer pay-as-you-go,6,M6,M6 PAYG NC,8870,3335,0.376,1.217,6.536,2.9896,4057.3,26518.12
2026-09-24,2025-08,payg_nc,PAYG NC,New customer pay-as-you-go,7,M7,M7 PAYG NC,8870,2774,0.3127,1.145,6.437,2.3041,3175.0,20437.56
2026-09-24,2025-08,payg_nc,PAYG NC,New customer pay-as-you-go,8,M8,M8 PAYG NC,8870,2267,0.2556,1.074,6.431,1.7655,2435.1,15660.32
2026-09-24,2025-08,payg_nc,PAYG NC,New customer pay-as-you-go,9,M9,M9 PAYG NC,8870,1890,0.2131,0.997,6.33,1.3447,1884.2,11927.27
2026-09-24,2025-08,payg_nc,PAYG NC,New customer pay-as-you-go,10,M10,M10 PAYG NC,8870,1563,0.1762,0.929,6.254,1.0233,1451.4,9076.82
2026-09-24,2025-08,payg_nc,PAYG NC,New customer pay-as-you-go,11,M11,M11 PAYG NC,8870,1264,0.1425,0.873,6.186,0.7698,1103.8,6828.25
2026-09-24,2025-08,payg_nc,PAYG NC,New customer pay-as-you-go,12,M12,M12 PAYG NC,8870,1055,0.1189,0.83,6.078,0.5999,875.4,5320.79
2026-09-24,2025-08,payg_nc,PAYG NC,New customer pay-as-you-go,13,M13,M13 PAYG NC,8870,851,0.0959,0.774,5.999,0.4457,658.9,3953.11
2026-09-24,2025-08,payg_nc,PAYG NC,New customer pay-as-you-go,14,M14,M14 PAYG NC,8870,688,0.0776,0.718,5.935,0.3303,493.7,2930.0
2026-09-24,2025-08,payg_ec,PAYG EC,Existing customer pay-as-you-go,1,M1,M1 PAYG EC,5766,5766,1.0,2.169,8.219,17.8255,12505.1,102782.0
2026-09-24,2025-08,payg_ec,PAYG EC,Existing customer pay-as-you-go,2,M2,M2 PAYG EC,5766,5204,0.9025,2.083,8.183,15.3851,10840.5,88710.73
2026-09-24,2025-08,payg_ec,PAYG EC,Existing customer pay-as-you-go,3,M3,M3 PAYG EC,5766,4638,0.8044,2.009,8.181,13.218,9315.7,76214.96
2026-09-24,2025-08,payg_ec,PAYG EC,Existing customer pay-as-you-go,4,M4,M4 PAYG EC,5766,4135,0.7171,1.949,8.145,11.3817,8057.6,65626.65
2026-09-24,2025-08,payg_ec,PAYG EC,Existing customer pay-as-you-go,5,M5,M5 PAYG EC,5766,3773,0.6544,1.871,8.017,9.8161,7059.9,56599.64
2026-09-24,2025-08,payg_ec,PAYG EC,Existing customer pay-as-you-go,6,M6,M6 PAYG EC,5766,3394,0.5886,1.795,7.895,8.3419,6092.2,48099.32
2026-09-24,2025-08,payg_ec,PAYG EC,Existing customer pay-as-you-go,7,M7,M7 PAYG EC,5766,3085,0.535,1.704,7.832,7.1397,5256.2,41167.25
2026-09-24,2025-08,payg_ec,PAYG EC,Existing customer pay-as-you-go,8,M8,M8 PAYG EC,5766,2781,0.4823,1.657,7.717,6.1685,4609.0,35567.67
2026-09-24,2025-08,payg_ec,PAYG EC,Existing customer pay-as-you-go,9,M9,M9 PAYG EC,5766,2492,0.4322,1.602,7.596,5.2581,3991.2,30318.24
2026-09-24,2025-08,payg_ec,PAYG EC,Existing customer pay-as-you-go,10,M10,M10 PAYG EC,5766,2279,0.3952,1.557,7.483,4.6048,3548.0,26551.35
2026-09-24,2025-08,payg_ec,PAYG EC,Existing customer pay-as-you-go,11,M11,M11 PAYG EC,5766,2015,0.3495,1.514,7.371,3.9004,3051.3,22489.63
2026-09-24,2025-08,payg_ec,PAYG EC,Existing customer pay-as-you-go,12,M12,M12 PAYG EC,5766,1795,0.3113,1.461,7.352,3.3438,2622.5,19280.6
2026-09-24,2025-08,payg_ec,PAYG EC,Existing customer pay-as-you-go,13,M13,M13 PAYG EC,5766,1598,0.2771,1.406,7.312,2.8484,2246.1,16423.91
2026-09-24,2025-08,payg_ec,PAYG EC,Existing customer pay-as-you-go,14,M14,M14 PAYG EC,5766,1451,0.2516,1.362,7.323,2.5091,1975.6,14467.36
2026-09-24,2025-07,nc_sub,NC Sub,New customer subscriber,1,M1,M1 NC Sub,4233,4233,1.0,2.701,9.312,25.1538,11434.7,106475.99
2026-09-24,2025-07,nc_sub,NC Sub,New customer subscriber,2,M2,M2 NC Sub,4233,3868,0.9138,2.623,9.265,22.2105,10147.1,94017.14
2026-09-24,2025-07,nc_sub,NC Sub,New customer subscriber,3,M3,M3 NC Sub,4233,3619,0.8549,2.581,9.28,20.4825,9342.4,86702.23
2026-09-24,2025-07,nc_sub,NC Sub,New customer subscriber,4,M4,M4 NC Sub,4233,3370,0.7961,2.502,9.245,18.4128,8430.5,77941.39
2026-09-24,2025-07,nc_sub,NC Sub,New customer subscriber,5,M5,M5 NC Sub,4233,3136,0.7408,2.457,9.152,16.6572,7704.0,70509.99
2026-09-24,2025-07,nc_sub,NC Sub,New customer subscriber,6,M6,M6 NC Sub,4233,2854,0.6742,2.349,9.048,14.3311,6704.5,60663.59
2026-09-24,2025-07,nc_sub,NC Sub,New customer subscriber,7,M7,M7 NC Sub,4233,2622,0.6194,2.311,9.042,12.9415,6058.9,54781.32
2026-09-24,2025-07,nc_sub,NC Sub,New customer subscriber,8,M8,M8 NC Sub,4233,2394,0.5656,2.231,9.046,11.4137,5340.9,48314.28
2026-09-24,2025-07,nc_sub,NC Sub,New customer subscriber,9,M9,M9 NC Sub,4233,2240,0.5292,2.148,8.922,10.1427,4812.1,42934.14
2026-09-24,2025-07,nc_sub,NC Sub,New customer subscriber,10,M10,M10 NC Sub,4233,2049,0.4841,2.092,8.801,8.9128,4286.8,37728.03
2026-09-24,2025-07,nc_sub,NC Sub,New customer subscriber,11,M11,M11 NC Sub,4233,1906,0.4503,2.017,8.83,8.0203,3844.9,33949.92
2026-09-24,2025-07,nc_sub,NC Sub,New customer subscriber,12,M12,M12 NC Sub,4233,1721,0.4066,1.983,8.861,7.1442,3412.8,30241.59
2026-09-24,2025-07,nc_sub,NC Sub,New customer subscriber,13,M13,M13 NC Sub,4233,1602,0.3785,1.933,8.77,6.4149,3096.1,27154.31
2026-09-24,2025-07,nc_sub,NC Sub,New customer subscriber,14,M14,M14 NC Sub,4233,1473,0.348,1.849,8.645,5.5624,2723.5,23545.72
2026-09-24,2025-07,nc_sub,NC Sub,New customer subscriber,15,M15,M15 NC Sub,4233,1341,0.3168,1.81,8.607,4.9345,2426.8,20887.62
2026-09-24,2025-07,ec_sub,EC Sub,Existing customer subscriber,1,M1,M1 EC Sub,3724,3724,1.0,3.4,10.53,35.7982,12660.6,133312.37
2026-09-24,2025-07,ec_sub,EC Sub,Existing customer subscriber,2,M2,M2 EC Sub,3724,3508,0.942,3.339,10.442,32.8451,11713.3,122315.0
2026-09-24,2025-07,ec_sub,EC Sub,Existing customer subscriber,3,M3,M3 EC Sub,3724,3351,0.8998,3.312,10.334,30.7946,11097.5,114679.13
2026-09-24,2025-07,ec_sub,EC Sub,Existing customer subscriber,4,M4,M4 EC Sub,3724,3256,0.8743,3.319,10.398,30.1775,10808.2,112381.08
2026-09-24,2025-07,ec_sub,EC Sub,Existing customer subscriber,5,M5,M5 EC Sub,3724,3097,0.8316,3.305,10.405,28.5991,10235.8,106502.97
2026-09-24,2025-07,ec_sub,EC Sub,Existing customer subscriber,6,M6,M6 EC Sub,3724,2923,0.7849,3.253,10.347,26.419,9508.5,98384.45
2026-09-24,2025-07,ec_sub,EC Sub,Existing customer subscriber,7,M7,M7 EC Sub,3724,2843,0.7634,3.202,10.422,25.4768,9103.3,94875.65
2026-09-24,2025-07,ec_sub,EC Sub,Existing customer subscriber,8,M8,M8 EC Sub,3724,2712,0.7282,3.197,10.467,24.3645,8668.9,90733.45
2026-09-24,2025-07,ec_sub,EC Sub,Existing customer subscriber,9,M9,M9 EC Sub,3724,2559,0.6872,3.123,10.399,22.3157,7991.3,83103.83
2026-09-24,2025-07,ec_sub,EC Sub,Existing customer subscriber,10,M10,M10 EC Sub,3724,2485,0.6673,3.073,10.295,21.1082,7635.7,78606.85
2026-09-24,2025-07,ec_sub,EC Sub,Existing customer subscriber,11,M11,M11 EC Sub,3724,2386,0.6407,3.04,10.275,20.0131,7253.5,74528.71
2026-09-24,2025-07,ec_sub,EC Sub,Existing customer subscriber,12,M12,M12 EC Sub,3724,2262,0.6074,3.023,10.256,18.833,6838.7,70134.09
2026-09-24,2025-07,ec_sub,EC Sub,Existing customer subscriber,13,M13,M13 EC Sub,3724,2164,0.5811,2.964,10.324,17.7815,6414.3,66218.36
2026-09-24,2025-07,ec_sub,EC Sub,Existing customer subscriber,14,M14,M14 EC Sub,3724,2094,0.5623,2.932,10.328,17.0294,6140.1,63417.46
2026-09-24,2025-07,ec_sub,EC Sub,Existing customer subscriber,15,M15,M15 EC Sub,3724,2025,0.5438,2.903,10.392,16.4044,5878.6,61089.91
2026-09-24,2025-07,payg_nc,PAYG NC,New customer pay-as-you-go,1,M1,M1 PAYG NC,8805,8805,1.0,1.615,7.194,11.6174,14219.7,102291.59
2026-09-24,2025-07,payg_nc,PAYG NC,New customer pay-as-you-go,2,M2,M2 PAYG NC,8805,7309,0.8301,1.513,7.184,9.021,11056.6,79430.09
2026-09-24,2025-07,payg_nc,PAYG NC,New customer pay-as-you-go,3,M3,M3 PAYG NC,8805,5989,0.6802,1.416,7.173,6.9091,8481.3,60834.39
2026-09-24,2025-07,payg_nc,PAYG NC,New customer pay-as-you-go,4,M4,M4 PAYG NC,8805,4968,0.5642,1.323,7.121,5.3159,6573.3,46806.68
2026-09-24,2025-07,payg_nc,PAYG NC,New customer pay-as-you-go,5,M5,M5 PAYG NC,8805,4127,0.4687,1.259,7.02,4.1431,5196.9,36480.42
2026-09-24,2025-07,payg_nc,PAYG NC,New customer pay-as-you-go,6,M6,M6 PAYG NC,8805,3397,0.3858,1.178,6.995,3.1783,4000.5,27984.83
2026-09-24,2025-07,payg_nc,PAYG NC,New customer pay-as-you-go,7,M7,M7 PAYG NC,8805,2752,0.3125,1.115,6.864,2.3915,3067.9,21057.11
2026-09-24,2025-07,payg_nc,PAYG NC,New customer pay-as-you-go,8,M8,M8 PAYG NC,8805,2294,0.2605,1.063,6.849,1.8974,2439.1,16706.74
2026-09-24,2025-07,payg_nc,PAYG NC,New customer pay-as-you-go,9,M9,M9 PAYG NC,8805,1903,0.2161,0.991,6.738,1.4428,1885.4,12703.76
2026-09-24,2025-07,payg_nc,PAYG NC,New customer pay-as-you-go,10,M10,M10 PAYG NC,8805,1570,0.1783,0.933,6.65,1.1068,1465.5,9745.78
2026-09-24,2025-07,payg_nc,PAYG NC,New customer pay-as-you-go,11,M11,M11 PAYG NC,8805,1307,0.1484,0.887,6.594,0.8687,1160.0,7649.0
2026-09-24,2025-07,payg_nc,PAYG NC,New customer pay-as-you-go,12,M12,M12 PAYG NC,8805,1062,0.1206,0.845,6.472,0.6593,897.0,5804.76
2026-09-24,2025-07,payg_nc,PAYG NC,New customer pay-as-you-go,13,M13,M13 PAYG NC,8805,874,0.0993,0.79,6.443,0.5049,690.1,4446.06
2026-09-24,2025-07,payg_nc,PAYG NC,New customer pay-as-you-go,14,M14,M14 PAYG NC,8805,728,0.0827,0.75,6.427,0.3986,546.1,3509.86
2026-09-24,2025-07,payg_nc,PAYG NC,New customer pay-as-you-go,15,M15,M15 PAYG NC,8805,586,0.0666,0.703,6.371,0.2981,412.0,2625.01
2026-09-24,2025-07,payg_ec,PAYG EC,Existing customer pay-as-you-go,1,M1,M1 PAYG EC,6352,6352,1.0,2.3,8.15,18.7421,14606.8,119049.74
2026-09-24,2025-07,payg_ec,PAYG EC,Existing customer pay-as-you-go,2,M2,M2 PAYG EC,6352,5653,0.89,2.197,8.053,15.7492,12422.0,100039.06
2026-09-24,2025-07,payg_ec,PAYG EC,Existing customer pay-as-you-go,3,M3,M3 PAYG EC,6352,5091,0.8015,2.081,8.021,13.3779,10594.9,84976.61
2026-09-24,2025-07,payg_ec,PAYG EC,Existing customer pay-as-you-go,4,M4,M4 PAYG EC,6352,4643,0.731,1.98,7.971,11.5347,9191.9,73268.33
2026-09-24,2025-07,payg_ec,PAYG EC,Existing customer pay-as-you-go,5,M5,M5 PAYG EC,6352,4147,0.6529,1.889,7.912,9.7585,7834.5,61986.23
2026-09-24,2025-07,payg_ec,PAYG EC,Existing customer pay-as-you-go,6,M6,M6 PAYG EC,6352,3754,0.591,1.81,7.836,8.3817,6794.1,53240.86
2026-09-24,2025-07,payg_ec,PAYG EC,Existing customer pay-as-you-go,7,M7,M7 PAYG EC,6352,3410,0.5368,1.752,7.736,7.2742,5972.7,46205.56
2026-09-24,2025-07,payg_ec,PAYG EC,Existing customer pay-as-you-go,8,M8,M8 PAYG EC,6352,3077,0.4844,1.671,7.704,6.2356,5141.0,39608.51
2026-09-24,2025-07,payg_ec,PAYG EC,Existing customer pay-as-you-go,9,M9,M9 PAYG EC,6352,2790,0.4392,1.595,7.606,5.3283,4450.0,33845.21
2026-09-24,2025-07,payg_ec,PAYG EC,Existing customer pay-as-you-go,10,M10,M10 PAYG EC,6352,2525,0.3975,1.525,7.557,4.5818,3851.3,29103.68
2026-09-24,2025-07,payg_ec,PAYG EC,Existing customer pay-as-you-go,11,M11,M11 PAYG EC,6352,2241,0.3528,1.465,7.479,3.8649,3282.6,24550.06
2026-09-24,2025-07,payg_ec,PAYG EC,Existing customer pay-as-you-go,12,M12,M12 PAYG EC,6352,2055,0.3235,1.414,7.469,3.4177,2906.5,21709.21
2026-09-24,2025-07,payg_ec,PAYG EC,Existing customer pay-as-you-go,13,M13,M13 PAYG EC,6352,1832,0.2884,1.372,7.347,2.9065,2512.8,18462.31
2026-09-24,2025-07,payg_ec,PAYG EC,Existing customer pay-as-you-go,14,M14,M14 PAYG EC,6352,1622,0.2554,1.333,7.238,2.4635,2162.0,15648.37
2026-09-24,2025-07,payg_ec,PAYG EC,Existing customer pay-as-you-go,15,M15,M15 PAYG EC,6352,1469,0.2313,1.273,7.134,2.1008,1870.5,13344.21
2026-09-24,2025-06,nc_sub,NC Sub,New customer subscriber,1,M1,M1 NC Sub,4314,4314,1.0,2.904,9.904,28.7641,12529.0,124088.23
2026-09-24,2025-06,nc_sub,NC Sub,New customer subscriber,2,M2,M2 NC Sub,4314,3952,0.9161,2.807,9.889,25.4272,11092.8,109693.04
2026-09-24,2025-06,nc_sub,NC Sub,New customer subscriber,3,M3,M3 NC Sub,4314,3664,0.8493,2.729,9.854,22.8422,10000.2,98541.28
2026-09-24,2025-06,nc_sub,NC Sub,New customer subscriber,4,M4,M4 NC Sub,4314,3396,0.7872,2.653,9.829,20.5273,9009.2,88554.97
2026-09-24,2025-06,nc_sub,NC Sub,New customer subscriber,5,M5,M5 NC Sub,4314,3080,0.714,2.548,9.83,17.8827,7848.4,77145.99
2026-09-24,2025-06,nc_sub,NC Sub,New customer subscriber,6,M6,M6 NC Sub,4314,2781,0.6446,2.469,9.704,15.4429,6865.1,66620.54
2026-09-24,2025-06,nc_sub,NC Sub,New customer subscriber,7,M7,M7 NC Sub,4314,2594,0.6013,2.364,9.609,13.6578,6131.6,58919.64
2026-09-24,2025-06,nc_sub,NC Sub,New customer subscriber,8,M8,M8 NC Sub,4314,2398,0.5559,2.281,9.634,12.2149,5469.6,52695.24
2026-09-24,2025-06,nc_sub,NC Sub,New customer subscriber,9,M9,M9 NC Sub,4314,2214,0.5132,2.189,9.552,10.7296,4845.9,46287.33
2026-09-24,2025-06,nc_sub,NC Sub,New customer subscriber,10,M10,M10 NC Sub,4314,2048,0.4747,2.145,9.41,9.5813,4392.4,41333.85
2026-09-24,2025-06,nc_sub,NC Sub,New customer subscriber,11,M11,M11 NC Sub,4314,1885,0.4369,2.105,9.288,8.5437,3968.3,36857.48
2026-09-24,2025-06,nc_sub,NC Sub,New customer subscriber,12,M12,M12 NC Sub,4314,1736,0.4024,2.012,9.256,7.4923,3492.0,32321.69
2026-09-24,2025-06,nc_sub,NC Sub,New customer subscriber,13,M13,M13 NC Sub,4314,1609,0.373,1.96,9.255,6.767,3154.1,29192.67
2026-09-24,2025-06,nc_sub,NC Sub,New customer subscriber,14,M14,M14 NC Sub,4314,1499,0.3475,1.882,9.199,6.0145,2820.7,25946.46
2026-09-24,2025-06,nc_sub,NC Sub,New customer subscriber,15,M15,M15 NC Sub,4314,1402,0.325,1.824,9.201,5.4553,2557.7,23534.35
2026-09-24,2025-06,nc_sub,NC Sub,New customer subscriber,16,M16,M16 NC Sub,4314,1301,0.3016,1.776,9.081,4.8644,2310.9,20984.97
2026-09-24,2025-06,ec_sub,EC Sub,Existing customer subscriber,1,M1,M1 EC Sub,3838,3838,1.0,3.34,11.185,37.3525,12817.4,143358.72
2026-09-24,2025-06,ec_sub,EC Sub,Existing customer subscriber,2,M2,M2 EC Sub,3838,3671,0.9565,3.26,11.202,34.9269,11967.1,134049.4
2026-09-24,2025-06,ec_sub,EC Sub,Existing customer subscriber,3,M3,M3 EC Sub,3838,3529,0.9195,3.238,11.19,33.32,11428.1,127882.34
2026-09-24,2025-06,ec_sub,EC Sub,Existing customer subscriber,4,M4,M4 EC Sub,3838,3376,0.8796,3.18,11.263,31.5049,10735.6,120915.85
2026-09-24,2025-06,ec_sub,EC Sub,Existing customer subscriber,5,M5,M5 EC Sub,3838,3293,0.858,3.17,11.161,30.357,10439.2,116510.06
2026-09-24,2025-06,ec_sub,EC Sub,Existing customer subscriber,6,M6,M6 EC Sub,3838,3128,0.815,3.144,11.176,28.6336,9833.4,109895.71
2026-09-24,2025-06,ec_sub,EC Sub,Existing customer subscriber,7,M7,M7 EC Sub,3838,2967,0.7731,3.097,11.113,26.603,9187.8,102102.33
2026-09-24,2025-06,ec_sub,EC Sub,Existing customer subscriber,8,M8,M8 EC Sub,3838,2817,0.734,3.046,11.108,24.8331,8580.2,95309.55
2026-09-24,2025-06,ec_sub,EC Sub,Existing customer subscriber,9,M9,M9 EC Sub,3838,2717,0.7079,3.026,11.159,23.9031,8221.4,91739.96
2026-09-24,2025-06,ec_sub,EC Sub,Existing customer subscriber,10,M10,M10 EC Sub,3838,2567,0.6688,2.98,11.237,22.3942,7648.5,85949.09
2026-09-24,2025-06,ec_sub,EC Sub,Existing customer subscriber,11,M11,M11 EC Sub,3838,2432,0.6337,2.974,11.287,21.2735,7233.9,81647.73
2026-09-24,2025-06,ec_sub,EC Sub,Existing customer subscriber,12,M12,M12 EC Sub,3838,2373,0.6183,2.937,11.318,20.5544,6970.1,78887.74
2026-09-24,2025-06,ec_sub,EC Sub,Existing customer subscriber,13,M13,M13 EC Sub,3838,2282,0.5946,2.918,11.371,19.7309,6660.0,75727.1
2026-09-24,2025-06,ec_sub,EC Sub,Existing customer subscriber,14,M14,M14 EC Sub,3838,2222,0.5789,2.909,11.381,19.1694,6464.6,73571.99
2026-09-24,2025-06,ec_sub,EC Sub,Existing customer subscriber,15,M15,M15 EC Sub,3838,2124,0.5534,2.869,11.315,17.9658,6093.9,68952.7
2026-09-24,2025-06,ec_sub,EC Sub,Existing customer subscriber,16,M16,M16 EC Sub,3838,2054,0.5352,2.827,11.275,17.0568,5806.3,65464.04
2026-09-24,2025-06,payg_nc,PAYG NC,New customer pay-as-you-go,1,M1,M1 PAYG NC,9123,9123,1.0,1.554,6.927,10.7627,14174.0,98188.46
2026-09-24,2025-06,payg_nc,PAYG NC,New customer pay-as-you-go,2,M2,M2 PAYG NC,9123,7398,0.8109,1.474,6.814,8.143,10903.0,74288.64
2026-09-24,2025-06,payg_nc,PAYG NC,New customer pay-as-you-go,3,M3,M3 PAYG NC,9123,6106,0.6693,1.376,6.763,6.2306,8404.7,56842.06
2026-09-24,2025-06,payg_nc,PAYG NC,New customer pay-as-you-go,4,M4,M4 PAYG NC,9123,5019,0.5501,1.301,6.734,4.8189,6528.1,43962.67
2026-09-24,2025-06,payg_nc,PAYG NC,New customer pay-as-you-go,5,M5,M5 PAYG NC,9123,4165,0.4565,1.224,6.699,3.744,5098.7,34156.12
2026-09-24,2025-06,payg_nc,PAYG NC,New customer pay-as-you-go,6,M6,M6 PAYG NC,9123,3445,0.3776,1.161,6.597,2.8921,3999.7,26384.35
2026-09-24,2025-06,payg_nc,PAYG NC,New customer pay-as-you-go,7,M7,M7 PAYG NC,9123,2787,0.3055,1.095,6.551,2.1917,3052.0,19994.65
2026-09-24,2025-06,payg_nc,PAYG NC,New customer pay-as-you-go,8,M8,M8 PAYG NC,9123,2284,0.2504,1.036,6.439,1.6703,2366.5,15238.4
2026-09-24,2025-06,payg_nc,PAYG NC,New customer pay-as-you-go,9,M9,M9 PAYG NC,9123,1863,0.2042,0.97,6.389,1.2657,1807.1,11546.75
2026-09-24,2025-06,payg_nc,PAYG NC,New customer pay-as-you-go,10,M10,M10 PAYG NC,9123,1536,0.1684,0.907,6.364,0.9714,1392.4,8861.78
2026-09-24,2025-06,payg_nc,PAYG NC,New customer pay-as-you-go,11,M11,M11 PAYG NC,9123,1281,0.1404,0.85,6.338,0.7567,1089.2,6902.99
2026-09-24,2025-06,payg_nc,PAYG NC,New customer pay-as-you-go,12,M12,M12 PAYG NC,9123,1068,0.1171,0.811,6.265,0.5946,865.9,5424.68
2026-09-24,2025-06,payg_nc,PAYG NC,New customer pay-as-you-go,13,M13,M13 PAYG NC,9123,871,0.0955,0.765,6.24,0.4558,666.3,4157.91
2026-09-24,2025-06,payg_nc,PAYG NC,New customer pay-as-you-go,14,M14,M14 PAYG NC,9123,703,0.0771,0.715,6.181,0.3406,502.7,3107.19
2026-09-24,2025-06,payg_nc,PAYG NC,New customer pay-as-you-go,15,M15,M15 PAYG NC,9123,587,0.0643,0.664,6.137,0.2622,389.7,2391.77
2026-09-24,2025-06,payg_nc,PAYG NC,New customer pay-as-you-go,16,M16,M16 PAYG NC,9123,476,0.0522,0.617,6.058,0.195,293.7,1779.02
2026-09-24,2025-06,payg_ec,PAYG EC,Existing customer pay-as-you-go,1,M1,M1 PAYG EC,5791,5791,1.0,2.185,8.175,17.8623,12654.0,103440.31
2026-09-24,2025-06,payg_ec,PAYG EC,Existing customer pay-as-you-go,2,M2,M2 PAYG EC,5791,5271,0.9102,2.076,8.18,15.4567,10942.3,89509.54
2026-09-24,2025-06,payg_ec,PAYG EC,Existing customer pay-as-you-go,3,M3,M3 PAYG EC,5791,4696,0.8109,2.02,8.125,13.3085,9486.0,77069.41
2026-09-24,2025-06,payg_ec,PAYG EC,Existing customer pay-as-you-go,4,M4,M4 PAYG EC,5791,4154,0.7173,1.923,8.088,11.1592,7990.2,64622.7
2026-09-24,2025-06,payg_ec,PAYG EC,Existing customer pay-as-you-go,5,M5,M5 PAYG EC,5791,3714,0.6413,1.834,8.01,9.4204,6810.7,54553.81
2026-09-24,2025-06,payg_ec,PAYG EC,Existing customer pay-as-you-go,6,M6,M6 PAYG EC,5791,3365,0.5811,1.776,7.886,8.139,5976.5,47132.74
2026-09-24,2025-06,payg_ec,PAYG EC,Existing customer pay-as-you-go,7,M7,M7 PAYG EC,5791,3020,0.5215,1.68,7.854,6.8793,5072.4,39837.99
2026-09-24,2025-06,payg_ec,PAYG EC,Existing customer pay-as-you-go,8,M8,M8 PAYG EC,5791,2722,0.47,1.63,7.861,6.0222,4436.5,34874.65
2026-09-24,2025-06,payg_ec,PAYG EC,Existing customer pay-as-you-go,9,M9,M9 PAYG EC,5791,2485,0.4291,1.558,7.812,5.223,3871.7,30246.15
2026-09-24,2025-06,payg_ec,PAYG EC,Existing customer pay-as-you-go,10,M10,M10 PAYG EC,5791,2203,0.3804,1.481,7.701,4.3396,3263.4,25130.52
2026-09-24,2025-06,payg_ec,PAYG EC,Existing customer pay-as-you-go,11,M11,M11 PAYG EC,5791,1997,0.3448,1.403,7.621,3.6876,2802.1,21354.84
2026-09-24,2025-06,payg_ec,PAYG EC,Existing customer pay-as-you-go,12,M12,M12 PAYG EC,5791,1801,0.311,1.337,7.521,3.1282,2408.5,18115.42
2026-09-24,2025-06,payg_ec,PAYG EC,Existing customer pay-as-you-go,13,M13,M13 PAYG EC,5791,1610,0.278,1.279,7.493,2.6643,2059.2,15428.83
2026-09-24,2025-06,payg_ec,PAYG EC,Existing customer pay-as-you-go,14,M14,M14 PAYG EC,5791,1477,0.2551,1.228,7.46,2.3374,1814.5,13536.05
2026-09-24,2025-06,payg_ec,PAYG EC,Existing customer pay-as-you-go,15,M15,M15 PAYG EC,5791,1329,0.2295,1.17,7.364,1.9768,1554.5,11447.57
2026-09-24,2025-06,payg_ec,PAYG EC,Existing customer pay-as-you-go,16,M16,M16 PAYG EC,5791,1180,0.2038,1.12,7.279,1.6612,1321.6,9620.23
2026-09-24,2025-05,nc_sub,NC Sub,New customer subscriber,1,M1,M1 NC Sub,4386,4386,1.0,2.822,9.028,25.4805,12378.4,111757.62
2026-09-24,2025-05,nc_sub,NC Sub,New customer subscriber,2,M2,M2 NC Sub,4386,4022,0.917,2.716,9.039,22.511,10922.8,98733.26
2026-09-24,2025-05,nc_sub,NC Sub,New customer subscriber,3,M3,M3 NC Sub,4386,3674,0.8377,2.651,8.945,19.8625,9738.7,87116.89
2026-09-24,2025-05,nc_sub,NC Sub,New customer subscriber,4,M4,M4 NC Sub,4386,3434,0.7829,2.578,8.901,17.9667,8852.7,78801.82
2026-09-24,2025-05,nc_sub,NC Sub,New customer subscriber,5,M5,M5 NC Sub,4386,3188,0.7269,2.469,8.789,15.775,7872.0,69189.14
2026-09-24,2025-05,nc_sub,NC Sub,New customer subscriber,6,M6,M6 NC Sub,4386,2939,0.6701,2.367,8.77,13.9075,6955.1,60998.12
2026-09-24,2025-05,nc_sub,NC Sub,New customer subscriber,7,M7,M7 NC Sub,4386,2664,0.6074,2.264,8.778,12.0705,6031.2,52941.11
2026-09-24,2025-05,nc_sub,NC Sub,New customer subscriber,8,M8,M8 NC Sub,4386,2492,0.5682,2.177,8.759,10.8325,5424.0,47511.29
2026-09-24,2025-05,nc_sub,NC Sub,New customer subscriber,9,M9,M9 NC Sub,4386,2305,0.5255,2.124,8.686,9.6972,4896.3,42532.02
2026-09-24,2025-05,nc_sub,NC Sub,New customer subscriber,10,M10,M10 NC Sub,4386,2122,0.4838,2.054,8.702,8.6459,4357.7,37921.02
2026-09-24,2025-05,nc_sub,NC Sub,New customer subscriber,11,M11,M11 NC Sub,4386,1968,0.4487,2.002,8.618,7.7409,3939.5,33951.51
2026-09-24,2025-05,nc_sub,NC Sub,New customer subscriber,12,M12,M12 NC Sub,4386,1825,0.4161,1.944,8.643,6.9899,3547.2,30657.66
2026-09-24,2025-05,nc_sub,NC Sub,New customer subscriber,13,M13,M13 NC Sub,4386,1669,0.3805,1.877,8.673,6.1962,3133.3,27176.39
2026-09-24,2025-05,nc_sub,NC Sub,New customer subscriber,14,M14,M14 NC Sub,4386,1556,0.3548,1.819,8.577,5.5359,2830.9,24280.56
2026-09-24,2025-05,nc_sub,NC Sub,New customer subscriber,15,M15,M15 NC Sub,4386,1414,0.3224,1.778,8.487,4.8645,2514.0,21335.61
2026-09-24,2025-05,nc_sub,NC Sub,New customer subscriber,16,M16,M16 NC Sub,4386,1299,0.2962,1.731,8.37,4.291,2248.7,18820.54
2026-09-24,2025-05,nc_sub,NC Sub,New customer subscriber,17,M17,M17 NC Sub,4386,1215,0.277,1.695,8.311,3.9029,2059.6,17117.91
2026-09-24,2025-05,ec_sub,EC Sub,Existing customer subscriber,1,M1,M1 EC Sub,3747,3747,1.0,3.509,11.238,39.4349,13148.5,147762.48
2026-09-24,2025-05,ec_sub,EC Sub,Existing customer subscriber,2,M2,M2 EC Sub,3747,3602,0.9613,3.492,11.317,37.9849,12576.4,142329.58
2026-09-24,2025-05,ec_sub,EC Sub,Existing customer subscriber,3,M3,M3 EC Sub,3747,3516,0.9384,3.441,11.23,36.2623,12099.6,135874.75
2026-09-24,2025-05,ec_sub,EC Sub,Existing customer subscriber,4,M4,M4 EC Sub,3747,3378,0.9015,3.398,11.248,34.4582,11478.7,129114.69
2026-09-24,2025-05,ec_sub,EC Sub,Existing customer subscriber,5,M5,M5 EC Sub,3747,3256,0.869,3.397,11.201,33.0688,11062.0,123908.92
2026-09-24,2025-05,ec_sub,EC Sub,Existing customer subscriber,6,M6,M6 EC Sub,3747,3155,0.842,3.353,11.286,31.8647,10579.1,119397.21
2026-09-24,2025-05,ec_sub,EC Sub,Existing customer subscriber,7,M7,M7 EC Sub,3747,2972,0.7932,3.361,11.363,30.2934,9989.0,113509.43
2026-09-24,2025-05,ec_sub,EC Sub,Existing customer subscriber,8,M8,M8 EC Sub,3747,2869,0.7657,3.319,11.321,28.7698,9522.1,107800.53
2026-09-24,2025-05,ec_sub,EC Sub,Existing customer subscriber,9,M9,M9 EC Sub,3747,2781,0.7422,3.335,11.254,27.8512,9273.4,104358.37
2026-09-24,2025-05,ec_sub,EC Sub,Existing customer subscriber,10,M10,M10 EC Sub,3747,2618,0.6987,3.321,11.229,26.0571,8694.7,97635.85
2026-09-24,2025-05,ec_sub,EC Sub,Existing customer subscriber,11,M11,M11 EC Sub,3747,2545,0.6792,3.25,11.216,24.762,8272.2,92783.24
2026-09-24,2025-05,ec_sub,EC Sub,Existing customer subscriber,12,M12,M12 EC Sub,3747,2425,0.6472,3.219,11.11,23.1465,7806.4,86729.81
2026-09-24,2025-05,ec_sub,EC Sub,Existing customer subscriber,13,M13,M13 EC Sub,3747,2351,0.6274,3.232,11.15,22.6105,7598.4,84721.43
2026-09-24,2025-05,ec_sub,EC Sub,Existing customer subscriber,14,M14,M14 EC Sub,3747,2237,0.597,3.234,11.204,21.6326,7234.5,81057.23
2026-09-24,2025-05,ec_sub,EC Sub,Existing customer subscriber,15,M15,M15 EC Sub,3747,2143,0.5719,3.223,11.148,20.5469,6906.2,76989.28
2026-09-24,2025-05,ec_sub,EC Sub,Existing customer subscriber,16,M16,M16 EC Sub,3747,2044,0.5455,3.153,11.062,19.0265,6445.0,71292.34
2026-09-24,2025-05,ec_sub,EC Sub,Existing customer subscriber,17,M17,M17 EC Sub,3747,1982,0.529,3.09,11.024,18.017,6123.9,67509.61
2026-09-24,2025-05,payg_nc,PAYG NC,New customer pay-as-you-go,1,M1,M1 PAYG NC,9370,9370,1.0,1.668,7.293,12.1663,15630.6,113998.56
2026-09-24,2025-05,payg_nc,PAYG NC,New customer pay-as-you-go,2,M2,M2 PAYG NC,9370,7627,0.814,1.545,7.2,9.0574,11786.7,84867.43
2026-09-24,2025-05,payg_nc,PAYG NC,New customer pay-as-you-go,3,M3,M3 PAYG NC,9370,6290,0.6713,1.471,7.162,7.0744,9255.4,66286.82
2026-09-24,2025-05,payg_nc,PAYG NC,New customer pay-as-you-go,4,M4,M4 PAYG NC,9370,5125,0.547,1.389,7.126,5.4119,7116.5,50709.26
2026-09-24,2025-05,payg_nc,PAYG NC,New customer pay-as-you-go,5,M5,M5 PAYG NC,9370,4185,0.4466,1.291,7.058,4.0713,5404.6,38148.18
2026-09-24,2025-05,payg_nc,PAYG NC,New customer pay-as-you-go,6,M6,M6 PAYG NC,9370,3499,0.3734,1.213,7.012,3.1747,4242.6,29747.15
2026-09-24,2025-05,payg_nc,PAYG NC,New customer pay-as-you-go,7,M7,M7 PAYG NC,9370,2908,0.3104,1.15,7.002,2.4986,3343.7,23411.53
2026-09-24,2025-05,payg_nc,PAYG NC,New customer pay-as-you-go,8,M8,M8 PAYG NC,9370,2338,0.2495,1.095,6.932,1.8942,2560.5,17748.61
2026-09-24,2025-05,payg_nc,PAYG NC,New customer pay-as-you-go,9,M9,M9 PAYG NC,9370,1915,0.2044,1.037,6.87,1.4566,1986.5,13648.09
2026-09-24,2025-05,payg_nc,PAYG NC,New customer pay-as-you-go,10,M10,M10 PAYG NC,9370,1601,0.1709,0.976,6.748,1.1254,1562.8,10544.78
2026-09-24,2025-05,payg_nc,PAYG NC,New customer pay-as-you-go,11,M11,M11 PAYG NC,9370,1324,0.1413,0.905,6.738,0.862,1198.7,8076.99
2026-09-24,2025-05,payg_nc,PAYG NC,New customer pay-as-you-go,12,M12,M12 PAYG NC,9370,1087,0.116,0.842,6.637,0.6482,915.2,6074.03
2026-09-24,2025-05,payg_nc,PAYG NC,New customer pay-as-you-go,13,M13,M13 PAYG NC,9370,907,0.0968,0.789,6.532,0.4987,715.4,4673.23
2026-09-24,2025-05,payg_nc,PAYG NC,New customer pay-as-you-go,14,M14,M14 PAYG NC,9370,742,0.0792,0.733,6.524,0.3785,543.7,3546.92
2026-09-24,2025-05,payg_nc,PAYG NC,New customer pay-as-you-go,15,M15,M15 PAYG NC,9370,608,0.0649,0.69,6.467,0.2896,419.6,2713.99
2026-09-24,2025-05,payg_nc,PAYG NC,New customer pay-as-you-go,16,M16,M16 PAYG NC,9370,494,0.0527,0.653,6.454,0.2223,322.7,2082.85
2026-09-24,2025-05,payg_nc,PAYG NC,New customer pay-as-you-go,17,M17,M17 PAYG NC,9370,405,0.0432,0.609,6.345,0.1671,246.8,1566.07
2026-09-24,2025-05,payg_ec,PAYG EC,Existing customer pay-as-you-go,1,M1,M1 PAYG EC,6135,6135,1.0,2.258,7.794,17.5954,13850.1,107948.07
2026-09-24,2025-05,payg_ec,PAYG EC,Existing customer pay-as-you-go,2,M2,M2 PAYG EC,6135,5515,0.8989,2.154,7.801,15.1059,11880.2,92674.85
2026-09-24,2025-05,payg_ec,PAYG EC,Existing customer pay-as-you-go,3,M3,M3 PAYG EC,6135,4908,0.8,2.059,7.723,12.718,10103.3,78024.95
2026-09-24,2025-05,payg_ec,PAYG EC,Existing customer pay-as-you-go,4,M4,M4 PAYG EC,6135,4443,0.7242,1.995,7.654,11.0587,8864.0,67844.85
2026-09-24,2025-05,payg_ec,PAYG EC,Existing customer pay-as-you-go,5,M5,M5 PAYG EC,6135,3963,0.646,1.941,7.573,9.4953,7692.5,58253.77
2026-09-24,2025-05,payg_ec,PAYG EC,Existing customer pay-as-you-go,6,M6,M6 PAYG EC,6135,3569,0.5817,1.843,7.548,8.0915,6576.9,49641.53
2026-09-24,2025-05,payg_ec,PAYG EC,Existing customer pay-as-you-go,7,M7,M7 PAYG EC,6135,3233,0.527,1.772,7.553,7.0513,5727.5,43259.49
2026-09-24,2025-05,payg_ec,PAYG EC,Existing customer pay-as-you-go,8,M8,M8 PAYG EC,6135,2958,0.4822,1.714,7.44,6.1484,5069.7,37720.2
2026-09-24,2025-05,payg_ec,PAYG EC,Existing customer pay-as-you-go,9,M9,M9 PAYG EC,6135,2712,0.4421,1.631,7.389,5.3256,4421.9,32672.84
2026-09-24,2025-05,payg_ec,PAYG EC,Existing customer pay-as-you-go,10,M10,M10 PAYG EC,6135,2399,0.391,1.572,7.286,4.4792,3771.7,27479.71
2026-09-24,2025-05,payg_ec,PAYG EC,Existing customer pay-as-you-go,11,M11,M11 PAYG EC,6135,2156,0.3514,1.527,7.196,3.8608,3291.8,23686.23
2026-09-24,2025-05,payg_ec,PAYG EC,Existing customer pay-as-you-go,12,M12,M12 PAYG EC,6135,1949,0.3177,1.464,7.157,3.3294,2853.8,20425.61
2026-09-24,2025-05,payg_ec,PAYG EC,Existing customer pay-as-you-go,13,M13,M13 PAYG EC,6135,1726,0.2813,1.421,7.042,2.816,2453.3,17276.28
2026-09-24,2025-05,payg_ec,PAYG EC,Existing customer pay-as-you-go,14,M14,M14 PAYG EC,6135,1565,0.2551,1.384,6.939,2.4501,2166.1,15031.37
2026-09-24,2025-05,payg_ec,PAYG EC,Existing customer pay-as-you-go,15,M15,M15 PAYG EC,6135,1392,0.2269,1.343,6.849,2.0866,1868.9,12800.99
2026-09-24,2025-05,payg_ec,PAYG EC,Existing customer pay-as-you-go,16,M16,M16 PAYG EC,6135,1231,0.2007,1.282,6.862,1.7647,1577.8,10826.64
2026-09-24,2025-05,payg_ec,PAYG EC,Existing customer pay-as-you-go,17,M17,M17 PAYG EC,6135,1107,0.1804,1.23,6.874,1.5254,1361.4,9358.53
2026-09-24,2025-04,nc_sub,NC Sub,New customer subscriber,1,M1,M1 NC Sub,4246,4246,1.0,2.704,9.503,25.6972,11481.3,109110.45
2026-09-24,2025-04,nc_sub,NC Sub,New customer subscriber,2,M2,M2 NC Sub,4246,3929,0.9253,2.603,9.371,22.5693,10226.3,95829.15
2026-09-24,2025-04,nc_sub,NC Sub,New customer subscriber,3,M3,M3 NC Sub,4246,3606,0.8493,2.488,9.33,19.714,8971.3,83705.63
2026-09-24,2025-04,nc_sub,NC Sub,New customer subscriber,4,M4,M4 NC Sub,4246,3299,0.777,2.443,9.255,17.5693,8060.3,74599.45
2026-09-24,2025-04,nc_sub,NC Sub,New customer subscriber,5,M5,M5 NC Sub,4246,2993,0.7049,2.39,9.134,15.3887,7153.7,65340.46
2026-09-24,2025-04,nc_sub,NC Sub,New customer subscriber,6,M6,M6 NC Sub,4246,2754,0.6486,2.307,9.002,13.4711,6354.2,57198.44
2026-09-24,2025-04,nc_sub,NC Sub,New customer subscriber,7,M7,M7 NC Sub,4246,2563,0.6036,2.243,8.888,12.0362,5749.7,51105.9
2026-09-24,2025-04,nc_sub,NC Sub,New customer subscriber,8,M8,M8 NC Sub,4246,2365,0.557,2.156,8.823,10.5948,5098.9,44985.41
2026-09-24,2025-04,nc_sub,NC Sub,New customer subscriber,9,M9,M9 NC Sub,4246,2146,0.5054,2.089,8.841,9.3343,4482.7,39633.55
2026-09-24,2025-04,nc_sub,NC Sub,New customer subscriber,10,M10,M10 NC Sub,4246,1981,0.4666,2.046,8.804,8.405,4053.5,35687.49
2026-09-24,2025-04,nc_sub,NC Sub,New customer subscriber,11,M11,M11 NC Sub,4246,1821,0.4289,2.002,8.722,7.49,3646.4,31802.72
2026-09-24,2025-04,nc_sub,NC Sub,New customer subscriber,12,M12,M12 NC Sub,4246,1676,0.3947,1.966,8.688,6.7434,3295.8,28632.49
2026-09-24,2025-04,nc_sub,NC Sub,New customer subscriber,13,M13,M13 NC Sub,4246,1526,0.3594,1.92,8.711,6.0112,2930.2,25523.61
2026-09-24,2025-04,nc_sub,NC Sub,New customer subscriber,14,M14,M14 NC Sub,4246,1395,0.3285,1.868,8.745,5.3662,2605.6,22784.83
2026-09-24,2025-04,nc_sub,NC Sub,New customer subscriber,15,M15,M15 NC Sub,4246,1295,0.305,1.809,8.704,4.801,2342.0,20385.19
2026-09-24,2025-04,nc_sub,NC Sub,New customer subscriber,16,M16,M16 NC Sub,4246,1173,0.2763,1.755,8.723,4.2287,2058.4,17954.98
2026-09-24,2025-04,nc_sub,NC Sub,New customer subscriber,17,M17,M17 NC Sub,4246,1092,0.2572,1.689,8.702,3.7798,1844.3,16048.99
2026-09-24,2025-04,nc_sub,NC Sub,New customer subscriber,18,M18,M18 NC Sub,4246,1021,0.2405,1.655,8.618,3.4301,1689.9,14564.08
2026-09-24,2025-04,ec_sub,EC Sub,Existing customer subscriber,1,M1,M1 EC Sub,3994,3994,1.0,3.474,10.992,38.1819,13873.3,152498.51
2026-09-24,2025-04,ec_sub,EC Sub,Existing customer subscriber,2,M2,M2 EC Sub,3994,3870,0.969,3.489,11.076,37.4432,13501.5,149548.26
2026-09-24,2025-04,ec_sub,EC Sub,Existing customer subscriber,3,M3,M3 EC Sub,3994,3701,0.9266,3.489,11.046,35.7127,12912.8,142636.36
2026-09-24,2025-04,ec_sub,EC Sub,Existing customer subscriber,4,M4,M4 EC Sub,3994,3523,0.8821,3.433,10.945,33.1406,12093.3,132363.49
2026-09-24,2025-04,ec_sub,EC Sub,Existing customer subscriber,5,M5,M5 EC Sub,3994,3414,0.8548,3.42,10.901,31.868,11675.6,127280.68
2026-09-24,2025-04,ec_sub,EC Sub,Existing customer subscriber,6,M6,M6 EC Sub,3994,3233,0.8095,3.395,10.921,30.0089,10975.0,119855.69
2026-09-24,2025-04,ec_sub,EC Sub,Existing customer subscriber,7,M7,M7 EC Sub,3994,3141,0.7864,3.326,10.848,28.3723,10446.0,113318.99
2026-09-24,2025-04,ec_sub,EC Sub,Existing customer subscriber,8,M8,M8 EC Sub,3994,3060,0.7661,3.266,10.928,27.3417,9993.0,109202.6
2026-09-24,2025-04,ec_sub,EC Sub,Existing customer subscriber,9,M9,M9 EC Sub,3994,2967,0.7429,3.217,10.837,25.8969,9544.3,103432.17
2026-09-24,2025-04,ec_sub,EC Sub,Existing customer subscriber,10,M10,M10 EC Sub,3994,2795,0.6998,3.176,10.725,23.8357,8876.2,95199.81
2026-09-24,2025-04,ec_sub,EC Sub,Existing customer subscriber,11,M11,M11 EC Sub,3994,2722,0.6815,3.106,10.741,22.7339,8453.7,90799.1
2026-09-24,2025-04,ec_sub,EC Sub,Existing customer subscriber,12,M12,M12 EC Sub,3994,2592,0.649,3.087,10.769,21.5769,8002.5,86178.03
2026-09-24,2025-04,ec_sub,EC Sub,Existing customer subscriber,13,M13,M13 EC Sub,3994,2480,0.6209,3.012,10.654,19.9238,7468.8,79575.61
2026-09-24,2025-04,ec_sub,EC Sub,Existing customer subscriber,14,M14,M14 EC Sub,3994,2365,0.5921,2.953,10.551,18.4508,6984.7,73692.58
2026-09-24,2025-04,ec_sub,EC Sub,Existing customer subscriber,15,M15,M15 EC Sub,3994,2240,0.5608,2.966,10.451,17.3842,6643.6,69432.35
2026-09-24,2025-04,ec_sub,EC Sub,Existing customer subscriber,16,M16,M16 EC Sub,3994,2174,0.5443,2.979,10.349,16.7836,6477.0,67033.71
2026-09-24,2025-04,ec_sub,EC Sub,Existing customer subscriber,17,M17,M17 EC Sub,3994,2104,0.5268,2.966,10.403,16.2515,6239.6,64908.42
2026-09-24,2025-04,ec_sub,EC Sub,Existing customer subscriber,18,M18,M18 EC Sub,3994,2040,0.5108,2.957,10.299,15.5556,6032.5,62129.13
2026-09-24,2025-04,payg_nc,PAYG NC,New customer pay-as-you-go,1,M1,M1 PAYG NC,9565,9565,1.0,1.676,7.316,12.2621,16030.6,117287.01
2026-09-24,2025-04,payg_nc,PAYG NC,New customer pay-as-you-go,2,M2,M2 PAYG NC,9565,7926,0.8286,1.574,7.279,9.4923,12473.4,90793.39
2026-09-24,2025-04,payg_nc,PAYG NC,New customer pay-as-you-go,3,M3,M3 PAYG NC,9565,6508,0.6804,1.489,7.236,7.3316,9690.8,70126.5
2026-09-24,2025-04,payg_nc,PAYG NC,New customer pay-as-you-go,4,M4,M4 PAYG NC,9565,5433,0.568,1.418,7.219,5.8129,7702.1,55600.53
2026-09-24,2025-04,payg_nc,PAYG NC,New customer pay-as-you-go,5,M5,M5 PAYG NC,9565,4478,0.4682,1.321,7.139,4.4156,5916.5,42234.78
2026-09-24,2025-04,payg_nc,PAYG NC,New customer pay-as-you-go,6,M6,M6 PAYG NC,9565,3740,0.391,1.225,7.018,3.3622,4582.1,32159.39
2026-09-24,2025-04,payg_nc,PAYG NC,New customer pay-as-you-go,7,M7,M7 PAYG NC,9565,3055,0.3194,1.157,6.931,2.561,3534.1,24495.57
2026-09-24,2025-04,payg_nc,PAYG NC,New customer pay-as-you-go,8,M8,M8 PAYG NC,9565,2470,0.2582,1.084,6.834,1.9135,2677.9,18302.16
2026-09-24,2025-04,payg_nc,PAYG NC,New customer pay-as-you-go,9,M9,M9 PAYG NC,9565,2026,0.2118,1.03,6.743,1.471,2086.5,14069.88
2026-09-24,2025-04,payg_nc,PAYG NC,New customer pay-as-you-go,10,M10,M10 PAYG NC,9565,1663,0.1739,0.972,6.691,1.1307,1616.3,10815.41
2026-09-24,2025-04,payg_nc,PAYG NC,New customer pay-as-you-go,11,M11,M11 PAYG NC,9565,1341,0.1402,0.908,6.678,0.8498,1217.0,8127.92
2026-09-24,2025-04,payg_nc,PAYG NC,New customer pay-as-you-go,12,M12,M12 PAYG NC,9565,1120,0.1171,0.843,6.597,0.651,943.8,6226.9
2026-09-24,2025-04,payg_nc,PAYG NC,New customer pay-as-you-go,13,M13,M13 PAYG NC,9565,930,0.0972,0.793,6.565,0.5064,737.7,4843.26
2026-09-24,2025-04,payg_nc,PAYG NC,New customer pay-as-you-go,14,M14,M14 PAYG NC,9565,768,0.0803,0.74,6.518,0.3871,568.1,3702.33
2026-09-24,2025-04,payg_nc,PAYG NC,New customer pay-as-you-go,15,M15,M15 PAYG NC,9565,633,0.0662,0.702,6.493,0.3016,444.3,2884.72
2026-09-24,2025-04,payg_nc,PAYG NC,New customer pay-as-you-go,16,M16,M16 PAYG NC,9565,511,0.0534,0.667,6.462,0.2302,340.8,2202.1
2026-09-24,2025-04,payg_nc,PAYG NC,New customer pay-as-you-go,17,M17,M17 PAYG NC,9565,411,0.043,0.627,6.406,0.1727,257.9,1651.84
2026-09-24,2025-04,payg_nc,PAYG NC,New customer pay-as-you-go,18,M18,M18 PAYG NC,9565,343,0.0359,0.593,6.33,0.1345,203.3,1286.68
2026-09-24,2025-04,payg_ec,PAYG EC,Existing customer pay-as-you-go,1,M1,M1 PAYG EC,6562,6562,1.0,2.11,7.918,16.7033,13843.4,109606.93
2026-09-24,2025-04,payg_ec,PAYG EC,Existing customer pay-as-you-go,2,M2,M2 PAYG EC,6562,5797,0.8834,2.049,7.904,14.3075,11878.3,93885.78
2026-09-24,2025-04,payg_ec,PAYG EC,Existing customer pay-as-you-go,3,M3,M3 PAYG EC,6562,5285,0.8054,1.959,7.846,12.3799,10353.7,81236.94
2026-09-24,2025-04,payg_ec,PAYG EC,Existing customer pay-as-you-go,4,M4,M4 PAYG EC,6562,4721,0.7194,1.903,7.752,10.6106,8981.9,69627.01
2026-09-24,2025-04,payg_ec,PAYG EC,Existing customer pay-as-you-go,5,M5,M5 PAYG EC,6562,4195,0.6393,1.803,7.75,8.9348,7565.0,58629.85
2026-09-24,2025-04,payg_ec,PAYG EC,Existing customer pay-as-you-go,6,M6,M6 PAYG EC,6562,3822,0.5824,1.706,7.716,7.6662,6519.9,50305.41
2026-09-24,2025-04,payg_ec,PAYG EC,Existing customer pay-as-you-go,7,M7,M7 PAYG EC,6562,3432,0.523,1.637,7.649,6.5501,5619.3,42981.62
2026-09-24,2025-04,payg_ec,PAYG EC,Existing customer pay-as-you-go,8,M8,M8 PAYG EC,6562,3055,0.4656,1.564,7.536,5.4855,4776.8,35996.11
2026-09-24,2025-04,payg_ec,PAYG EC,Existing customer pay-as-you-go,9,M9,M9 PAYG EC,6562,2702,0.4118,1.514,7.421,4.6271,4091.7,30363.28
2026-09-24,2025-04,payg_ec,PAYG EC,Existing customer pay-as-you-go,10,M10,M10 PAYG EC,6562,2400,0.3657,1.442,7.334,3.8679,3460.7,25381.16
2026-09-24,2025-04,payg_ec,PAYG EC,Existing customer pay-as-you-go,11,M11,M11 PAYG EC,6562,2147,0.3272,1.397,7.302,3.3376,2999.4,21901.4
2026-09-24,2025-04,payg_ec,PAYG EC,Existing customer pay-as-you-go,12,M12,M12 PAYG EC,6562,1936,0.295,1.352,7.294,2.9086,2616.8,19086.49
2026-09-24,2025-04,payg_ec,PAYG EC,Existing customer pay-as-you-go,13,M13,M13 PAYG EC,6562,1729,0.2635,1.295,7.227,2.4653,2238.5,16177.41
2026-09-24,2025-04,payg_ec,PAYG EC,Existing customer pay-as-you-go,14,M14,M14 PAYG EC,6562,1583,0.2412,1.255,7.141,2.1618,1986.7,14186.05
2026-09-24,2025-04,payg_ec,PAYG EC,Existing customer pay-as-you-go,15,M15,M15 PAYG EC,6562,1408,0.2146,1.2,7.128,1.8358,1690.1,12046.31
2026-09-24,2025-04,payg_ec,PAYG EC,Existing customer pay-as-you-go,16,M16,M16 PAYG EC,6562,1246,0.1899,1.145,7.06,1.5353,1426.9,10074.68
2026-09-24,2025-04,payg_ec,PAYG EC,Existing customer pay-as-you-go,17,M17,M17 PAYG EC,6562,1111,0.1693,1.114,6.967,1.3137,1237.4,8620.43
2026-09-24,2025-04,payg_ec,PAYG EC,Existing customer pay-as-you-go,18,M18,M18 PAYG EC,6562,1010,0.1539,1.077,6.921,1.147,1087.5,7526.85
2026-09-24,2025-03,nc_sub,NC Sub,New customer subscriber,1,M1,M1 NC Sub,4091,4091,1.0,2.815,9.903,27.8754,11515.1,114038.35
2026-09-24,2025-03,nc_sub,NC Sub,New customer subscriber,2,M2,M2 NC Sub,4091,3748,0.9162,2.722,9.904,24.7015,10203.5,101053.8
2026-09-24,2025-03,nc_sub,NC Sub,New customer subscriber,3,M3,M3 NC Sub,4091,3385,0.8274,2.634,9.871,21.515,8917.2,88017.97
2026-09-24,2025-03,nc_sub,NC Sub,New customer subscriber,4,M4,M4 NC Sub,4091,3167,0.7741,2.534,9.77,19.1658,8025.4,78407.41
2026-09-24,2025-03,nc_sub,NC Sub,New customer subscriber,5,M5,M5 NC Sub,4091,2862,0.6996,2.44,9.799,16.7298,6984.2,68441.52
2026-09-24,2025-03,nc_sub,NC Sub,New customer subscriber,6,M6,M6 NC Sub,4091,2672,0.6531,2.362,9.675,14.928,6312.4,61070.43
2026-09-24,2025-03,nc_sub,NC Sub,New customer subscriber,7,M7,M7 NC Sub,4091,2470,0.6038,2.27,9.662,13.2411,5606.7,54169.48
2026-09-24,2025-03,nc_sub,NC Sub,New customer subscriber,8,M8,M8 NC Sub,4091,2237,0.5468,2.171,9.616,11.4174,4857.4,46708.74
2026-09-24,2025-03,nc_sub,NC Sub,New customer subscriber,9,M9,M9 NC Sub,4091,2092,0.5114,2.083,9.512,10.1326,4357.8,41452.44
2026-09-24,2025-03,nc_sub,NC Sub,New customer subscriber,10,M10,M10 NC Sub,4091,1951,0.4769,2.047,9.465,9.2402,3993.8,37801.8
2026-09-24,2025-03,nc_sub,NC Sub,New customer subscriber,11,M11,M11 NC Sub,4091,1805,0.4412,1.978,9.499,8.2904,3570.6,33915.93
2026-09-24,2025-03,nc_sub,NC Sub,New customer subscriber,12,M12,M12 NC Sub,4091,1669,0.408,1.891,9.388,7.2438,3156.7,29634.44
2026-09-24,2025-03,nc_sub,NC Sub,New customer subscriber,13,M13,M13 NC Sub,4091,1511,0.3693,1.827,9.391,6.3384,2761.2,25930.46
2026-09-24,2025-03,nc_sub,NC Sub,New customer subscriber,14,M14,M14 NC Sub,4091,1394,0.3407,1.776,9.411,5.6949,2475.6,23297.67
2026-09-24,2025-03,nc_sub,NC Sub,New customer subscriber,15,M15,M15 NC Sub,4091,1281,0.3131,1.721,9.35,5.0375,2204.1,20608.53
2026-09-24,2025-03,nc_sub,NC Sub,New customer subscriber,16,M16,M16 NC Sub,4091,1168,0.2855,1.661,9.349,4.4339,1940.2,18138.95
2026-09-24,2025-03,nc_sub,NC Sub,New customer subscriber,17,M17,M17 NC Sub,4091,1067,0.2608,1.611,9.237,3.8817,1719.2,15880.01
2026-09-24,2025-03,nc_sub,NC Sub,New customer subscriber,18,M18,M18 NC Sub,4091,979,0.2393,1.569,9.256,3.4762,1536.4,14221.12
2026-09-24,2025-03,nc_sub,NC Sub,New customer subscriber,19,M19,M19 NC Sub,4091,892,0.218,1.527,9.164,3.0514,1362.3,12483.4
2026-09-24,2025-03,ec_sub,EC Sub,Existing customer subscriber,1,M1,M1 EC Sub,3975,3975,1.0,3.433,11.306,38.8114,13645.6,154275.3
2026-09-24,2025-03,ec_sub,EC Sub,Existing customer subscriber,2,M2,M2 EC Sub,3975,3792,0.954,3.379,11.174,36.0167,12811.9,143166.24
2026-09-24,2025-03,ec_sub,EC Sub,Existing customer subscriber,3,M3,M3 EC Sub,3975,3708,0.9328,3.339,11.141,34.6981,12379.7,137924.82
2026-09-24,2025-03,ec_sub,EC Sub,Existing customer subscriber,4,M4,M4 EC Sub,3975,3605,0.9069,3.271,11.012,32.6652,11791.4,129844.12
2026-09-24,2025-03,ec_sub,EC Sub,Existing customer subscriber,5,M5,M5 EC Sub,3975,3397,0.8546,3.26,11.099,30.9209,11073.6,122910.56
2026-09-24,2025-03,ec_sub,EC Sub,Existing customer subscriber,6,M6,M6 EC Sub,3975,3229,0.8123,3.263,11.076,29.3563,10536.0,116691.22
2026-09-24,2025-03,ec_sub,EC Sub,Existing customer subscriber,7,M7,M7 EC Sub,3975,3068,0.7718,3.276,11.019,27.8641,10051.4,110759.75
2026-09-24,2025-03,ec_sub,EC Sub,Existing customer subscriber,8,M8,M8 EC Sub,3975,2890,0.727,3.216,11.015,25.7538,9293.5,102371.34
2026-09-24,2025-03,ec_sub,EC Sub,Existing customer subscriber,9,M9,M9 EC Sub,3975,2814,0.7079,3.217,10.959,24.9564,9051.7,99201.71
2026-09-24,2025-03,ec_sub,EC Sub,Existing customer subscriber,10,M10,M10 EC Sub,3975,2705,0.6805,3.229,10.902,23.9536,8733.7,95215.37
2026-09-24,2025-03,ec_sub,EC Sub,Existing customer subscriber,11,M11,M11 EC Sub,3975,2646,0.6657,3.22,10.849,23.256,8521.0,92442.75
2026-09-24,2025-03,ec_sub,EC Sub,Existing customer subscriber,12,M12,M12 EC Sub,3975,2552,0.642,3.224,10.848,22.451,8226.6,89242.84
2026-09-24,2025-03,ec_sub,EC Sub,Existing customer subscriber,13,M13,M13 EC Sub,3975,2431,0.6116,3.184,10.738,20.9131,7741.4,83129.43
2026-09-24,2025-03,ec_sub,EC Sub,Existing customer subscriber,14,M14,M14 EC Sub,3975,2379,0.5985,3.159,10.711,20.2501,7515.1,80494.3
2026-09-24,2025-03,ec_sub,EC Sub,Existing customer subscriber,15,M15,M15 EC Sub,3975,2326,0.5852,3.091,10.657,19.2736,7189.0,76612.64
2026-09-24,2025-03,ec_sub,EC Sub,Existing customer subscriber,16,M16,M16 EC Sub,3975,2244,0.5645,3.09,10.651,18.5798,6934.2,73854.51
2026-09-24,2025-03,ec_sub,EC Sub,Existing customer subscriber,17,M17,M17 EC Sub,3975,2123,0.5341,3.028,10.639,17.2055,6428.3,68391.67
2026-09-24,2025-03,ec_sub,EC Sub,Existing customer subscriber,18,M18,M18 EC Sub,3975,2004,0.5042,3.003,10.717,16.226,6018.3,64498.45
2026-09-24,2025-03,ec_sub,EC Sub,Existing customer subscriber,19,M19,M19 EC Sub,3975,1948,0.4901,2.967,10.616,15.4355,5779.8,61356.0
2026-09-24,2025-03,payg_nc,PAYG NC,New customer pay-as-you-go,1,M1,M1 PAYG NC,9794,9794,1.0,1.556,6.799,10.5776,15238.2,103597.37
2026-09-24,2025-03,payg_nc,PAYG NC,New customer pay-as-you-go,2,M2,M2 PAYG NC,9794,8094,0.8264,1.447,6.732,8.0475,11708.2,78817.58
2026-09-24,2025-03,payg_nc,PAYG NC,New customer pay-as-you-go,3,M3,M3 PAYG NC,9794,6559,0.6697,1.363,6.608,6.0316,8939.3,59073.96
2026-09-24,2025-03,payg_nc,PAYG NC,New customer pay-as-you-go,4,M4,M4 PAYG NC,9794,5475,0.559,1.292,6.518,4.7072,7073.4,46102.23
2026-09-24,2025-03,payg_nc,PAYG NC,New customer pay-as-you-go,5,M5,M5 PAYG NC,9794,4453,0.4547,1.204,6.474,3.5444,5362.2,34713.55
2026-09-24,2025-03,payg_nc,PAYG NC,New customer pay-as-you-go,6,M6,M6 PAYG NC,9794,3675,0.3752,1.127,6.456,2.7306,4142.3,26743.18
2026-09-24,2025-03,payg_nc,PAYG NC,New customer pay-as-you-go,7,M7,M7 PAYG NC,9794,2953,0.3015,1.052,6.44,2.0422,3106.0,20001.24
2026-09-24,2025-03,payg_nc,PAYG NC,New customer pay-as-you-go,8,M8,M8 PAYG NC,9794,2454,0.2506,0.989,6.352,1.5742,2427.3,15417.28
2026-09-24,2025-03,payg_nc,PAYG NC,New customer pay-as-you-go,9,M9,M9 PAYG NC,9794,2046,0.2089,0.916,6.281,1.2021,1874.5,11773.07
2026-09-24,2025-03,payg_nc,PAYG NC,New customer pay-as-you-go,10,M10,M10 PAYG NC,9794,1699,0.1735,0.856,6.211,0.9222,1454.3,9032.01
2026-09-24,2025-03,payg_nc,PAYG NC,New customer pay-as-you-go,11,M11,M11 PAYG NC,9794,1380,0.1409,0.813,6.164,0.7059,1121.6,6913.46
2026-09-24,2025-03,payg_nc,PAYG NC,New customer pay-as-you-go,12,M12,M12 PAYG NC,9794,1114,0.1137,0.77,6.146,0.538,857.3,5269.06
2026-09-24,2025-03,payg_nc,PAYG NC,New customer pay-as-you-go,13,M13,M13 PAYG NC,9794,900,0.0919,0.727,6.139,0.4099,654.0,4014.42
2026-09-24,2025-03,payg_nc,PAYG NC,New customer pay-as-you-go,14,M14,M14 PAYG NC,9794,727,0.0742,0.685,6.076,0.3089,497.9,3024.94
2026-09-24,2025-03,payg_nc,PAYG NC,New customer pay-as-you-go,15,M15,M15 PAYG NC,9794,603,0.0616,0.64,6.001,0.2363,385.7,2314.56
2026-09-24,2025-03,payg_nc,PAYG NC,New customer pay-as-you-go,16,M16,M16 PAYG NC,9794,497,0.0507,0.603,5.996,0.1835,299.8,1797.38
2026-09-24,2025-03,payg_nc,PAYG NC,New customer pay-as-you-go,17,M17,M17 PAYG NC,9794,411,0.042,0.573,5.918,0.1423,235.6,1394.01
2026-09-24,2025-03,payg_nc,PAYG NC,New customer pay-as-you-go,18,M18,M18 PAYG NC,9794,331,0.0338,0.531,5.897,0.1058,175.7,1035.98
2026-09-24,2025-03,payg_nc,PAYG NC,New customer pay-as-you-go,19,M19,M19 PAYG NC,9794,271,0.0277,0.503,5.798,0.0807,136.3,790.48
2026-09-24,2025-03,payg_ec,PAYG EC,Existing customer pay-as-you-go,1,M1,M1 PAYG EC,6313,6313,1.0,2.232,7.86,17.5451,14092.5,110761.93
2026-09-24,2025-03,payg_ec,PAYG EC,Existing customer pay-as-you-go,2,M2,M2 PAYG EC,6313,5646,0.8943,2.135,7.82,14.931,12053.1,94259.49
2026-09-24,2025-03,payg_ec,PAYG EC,Existing customer pay-as-you-go,3,M3,M3 PAYG EC,6313,5073,0.8036,2.069,7.716,12.8306,10497.3,80999.56
2026-09-24,2025-03,payg_ec,PAYG EC,Existing customer pay-as-you-go,4,M4,M4 PAYG EC,6313,4556,0.7217,1.986,7.621,10.9237,9048.5,68961.09
2026-09-24,2025-03,payg_ec,PAYG EC,Existing customer pay-as-you-go,5,M5,M5 PAYG EC,6313,4165,0.6597,1.895,7.539,9.4242,7891.2,59494.71
2026-09-24,2025-03,payg_ec,PAYG EC,Existing customer pay-as-you-go,6,M6,M6 PAYG EC,6313,3735,0.5916,1.792,7.552,8.0088,6694.5,50559.56
2026-09-24,2025-03,payg_ec,PAYG EC,Existing customer pay-as-you-go,7,M7,M7 PAYG EC,6313,3304,0.5234,1.702,7.465,6.6482,5622.5,41970.37
2026-09-24,2025-03,payg_ec,PAYG EC,Existing customer pay-as-you-go,8,M8,M8 PAYG EC,6313,2984,0.4727,1.644,7.405,5.7552,4906.3,36332.81
2026-09-24,2025-03,payg_ec,PAYG EC,Existing customer pay-as-you-go,9,M9,M9 PAYG EC,6313,2699,0.4275,1.584,7.426,5.0305,4276.3,31757.25
2026-09-24,2025-03,payg_ec,PAYG EC,Existing customer pay-as-you-go,10,M10,M10 PAYG EC,6313,2392,0.3789,1.528,7.443,4.3087,3654.7,27201.07
2026-09-24,2025-03,payg_ec,PAYG EC,Existing customer pay-as-you-go,11,M11,M11 PAYG EC,6313,2171,0.3439,1.465,7.429,3.744,3181.4,23636.15
2026-09-24,2025-03,payg_ec,PAYG EC,Existing customer pay-as-you-go,12,M12,M12 PAYG EC,6313,1930,0.3057,1.393,7.356,3.132,2688.0,19772.03
2026-09-24,2025-03,payg_ec,PAYG EC,Existing customer pay-as-you-go,13,M13,M13 PAYG EC,6313,1740,0.2756,1.347,7.263,2.6966,2343.7,17023.39
2026-09-24,2025-03,payg_ec,PAYG EC,Existing customer pay-as-you-go,14,M14,M14 PAYG EC,6313,1560,0.2471,1.288,7.21,2.2947,2009.2,14486.41
2026-09-24,2025-03,payg_ec,PAYG EC,Existing customer pay-as-you-go,15,M15,M15 PAYG EC,6313,1401,0.2219,1.228,7.191,1.9594,1720.2,12369.92
2026-09-24,2025-03,payg_ec,PAYG EC,Existing customer pay-as-you-go,16,M16,M16 PAYG EC,6313,1259,0.1994,1.192,7.11,1.6896,1500.1,10666.15
2026-09-24,2025-03,payg_ec,PAYG EC,Existing customer pay-as-you-go,17,M17,M17 PAYG EC,6313,1112,0.1761,1.152,7.016,1.4232,1280.5,8984.48
2026-09-24,2025-03,payg_ec,PAYG EC,Existing customer pay-as-you-go,18,M18,M18 PAYG EC,6313,1019,0.1614,1.107,6.953,1.2421,1127.8,7841.17
2026-09-24,2025-03,payg_ec,PAYG EC,Existing customer pay-as-you-go,19,M19,M19 PAYG EC,6313,930,0.1473,1.074,6.876,1.0876,998.6,6866.08
2026-09-24,2025-02,nc_sub,NC Sub,New customer subscriber,1,M1,M1 NC Sub,3952,3952,1.0,2.907,9.769,28.3957,11487.2,112219.76
2026-09-24,2025-02,nc_sub,NC Sub,New customer subscriber,2,M2,M2 NC Sub,3952,3607,0.9127,2.826,9.663,24.924,10193.5,98499.74
2026-09-24,2025-02,nc_sub,NC Sub,New customer subscriber,3,M3,M3 NC Sub,3952,3325,0.8413,2.749,9.642,22.2986,9139.7,88123.92
2026-09-24,2025-02,nc_sub,NC Sub,New customer subscriber,4,M4,M4 NC Sub,3952,3073,0.7776,2.628,9.542,19.498,8075.9,77056.27
2026-09-24,2025-02,nc_sub,NC Sub,New customer subscriber,5,M5,M5 NC Sub,3952,2789,0.7057,2.524,9.453,16.8366,7038.8,66538.33
2026-09-24,2025-02,nc_sub,NC Sub,New customer subscriber,6,M6,M6 NC Sub,3952,2556,0.6468,2.447,9.493,15.0252,6255.3,59379.41
2026-09-24,2025-02,nc_sub,NC Sub,New customer subscriber,7,M7,M7 NC Sub,3952,2313,0.5853,2.339,9.373,12.8318,5410.5,50711.32
2026-09-24,2025-02,nc_sub,NC Sub,New customer subscriber,8,M8,M8 NC Sub,3952,2109,0.5337,2.284,9.405,11.4618,4816.0,45296.84
2026-09-24,2025-02,nc_sub,NC Sub,New customer subscriber,9,M9,M9 NC Sub,3952,1949,0.4932,2.183,9.306,10.0169,4254.1,39586.63
2026-09-24,2025-02,nc_sub,NC Sub,New customer subscriber,10,M10,M10 NC Sub,3952,1797,0.4547,2.148,9.218,9.004,3860.1,35584.0
2026-09-24,2025-02,nc_sub,NC Sub,New customer subscriber,11,M11,M11 NC Sub,3952,1627,0.4117,2.078,9.159,7.8341,3380.4,30960.48
2026-09-24,2025-02,nc_sub,NC Sub,New customer subscriber,12,M12,M12 NC Sub,3952,1513,0.3828,2.025,9.11,7.0634,3064.2,27914.36
2026-09-24,2025-02,nc_sub,NC Sub,New customer subscriber,13,M13,M13 NC Sub,3952,1365,0.3454,1.95,9.109,6.1348,2661.7,24244.68
2026-09-24,2025-02,nc_sub,NC Sub,New customer subscriber,14,M14,M14 NC Sub,3952,1247,0.3155,1.881,9.079,5.3899,2346.0,21300.8
2026-09-24,2025-02,nc_sub,NC Sub,New customer subscriber,15,M15,M15 NC Sub,3952,1143,0.2892,1.805,9.066,4.7325,2062.9,18702.91
2026-09-24,2025-02,nc_sub,NC Sub,New customer subscriber,16,M16,M16 NC Sub,3952,1031,0.2609,1.753,9.039,4.1348,1807.8,16340.87
2026-09-24,2025-02,nc_sub,NC Sub,New customer subscriber,17,M17,M17 NC Sub,3952,955,0.2416,1.71,8.908,3.6807,1632.9,14546.17
2026-09-24,2025-02,nc_sub,NC Sub,New customer subscriber,18,M18,M18 NC Sub,3952,872,0.2206,1.672,8.779,3.2387,1458.0,12799.19
2026-09-24,2025-02,nc_sub,NC Sub,New customer subscriber,19,M19,M19 NC Sub,3952,815,0.2062,1.611,8.753,2.9083,1313.1,11493.48
2026-09-24,2025-02,nc_sub,NC Sub,New customer subscriber,20,M20,M20 NC Sub,3952,764,0.1933,1.571,8.778,2.6665,1200.5,10537.98
2026-09-24,2025-02,ec_sub,EC Sub,Existing customer subscriber,1,M1,M1 EC Sub,3786,3786,1.0,3.461,11.328,39.2043,13102.6,148427.43
2026-09-24,2025-02,ec_sub,EC Sub,Existing customer subscriber,2,M2,M2 EC Sub,3786,3616,0.9551,3.444,11.31,37.1967,12451.7,140826.85
2026-09-24,2025-02,ec_sub,EC Sub,Existing customer subscriber,3,M3,M3 EC Sub,3786,3424,0.9044,3.373,11.233,34.2647,11549.2,129726.33
2026-09-24,2025-02,ec_sub,EC Sub,Existing customer subscriber,4,M4,M4 EC Sub,3786,3302,0.8722,3.334,11.207,32.5915,11010.2,123391.36
2026-09-24,2025-02,ec_sub,EC Sub,Existing customer subscriber,5,M5,M5 EC Sub,3786,3134,0.8278,3.324,11.223,30.8767,10416.5,116899.18
2026-09-24,2025-02,ec_sub,EC Sub,Existing customer subscriber,6,M6,M6 EC Sub,3786,2985,0.7884,3.306,11.093,28.9119,9867.8,109460.26
2026-09-24,2025-02,ec_sub,EC Sub,Existing customer subscriber,7,M7,M7 EC Sub,3786,2819,0.7446,3.264,11.043,26.8427,9202.5,101626.31
2026-09-24,2025-02,ec_sub,EC Sub,Existing customer subscriber,8,M8,M8 EC Sub,3786,2699,0.7129,3.195,11.093,25.266,8623.5,95657.17
2026-09-24,2025-02,ec_sub,EC Sub,Existing customer subscriber,9,M9,M9 EC Sub,3786,2596,0.6857,3.162,11.143,24.1621,8209.1,91477.8
2026-09-24,2025-02,ec_sub,EC Sub,Existing customer subscriber,10,M10,M10 EC Sub,3786,2460,0.6498,3.125,11.061,22.4631,7688.5,85045.32
2026-09-24,2025-02,ec_sub,EC Sub,Existing customer subscriber,11,M11,M11 EC Sub,3786,2331,0.6157,3.074,10.982,20.7852,7165.4,78692.93
2026-09-24,2025-02,ec_sub,EC Sub,Existing customer subscriber,12,M12,M12 EC Sub,3786,2272,0.6001,3.059,10.899,20.0088,6950.3,75753.35
2026-09-24,2025-02,ec_sub,EC Sub,Existing customer subscriber,13,M13,M13 EC Sub,3786,2189,0.5782,3.03,10.979,19.2344,6633.0,72821.52
2026-09-24,2025-02,ec_sub,EC Sub,Existing customer subscriber,14,M14,M14 EC Sub,3786,2133,0.5634,3.024,10.886,18.544,6449.3,70207.58
2026-09-24,2025-02,ec_sub,EC Sub,Existing customer subscriber,15,M15,M15 EC Sub,3786,2015,0.5322,3.007,10.946,17.5205,6059.7,66332.5
2026-09-24,2025-02,ec_sub,EC Sub,Existing customer subscriber,16,M16,M16 EC Sub,3786,1969,0.5201,3.019,11.026,17.312,5944.2,65543.41
2026-09-24,2025-02,ec_sub,EC Sub,Existing customer subscriber,17,M17,M17 EC Sub,3786,1879,0.4963,3.03,10.911,16.4056,5692.5,62111.52
2026-09-24,2025-02,ec_sub,EC Sub,Existing customer subscriber,18,M18,M18 EC Sub,3786,1810,0.4781,3.038,10.834,15.7326,5498.0,59563.46
2026-09-24,2025-02,ec_sub,EC Sub,Existing customer subscriber,19,M19,M19 EC Sub,3786,1760,0.4649,3.033,10.867,15.3242,5338.8,58017.26
2026-09-24,2025-02,ec_sub,EC Sub,Existing customer subscriber,20,M20,M20 EC Sub,3786,1682,0.4443,3.031,10.856,14.6166,5097.4,55338.31
2026-09-24,2025-02,payg_nc,PAYG NC,New customer pay-as-you-go,1,M1,M1 PAYG NC,9815,9815,1.0,1.619,7.142,11.5608,15887.9,113469.29
2026-09-24,2025-02,payg_nc,PAYG NC,New customer pay-as-you-go,2,M2,M2 PAYG NC,9815,8017,0.8168,1.514,7.118,8.8,12133.7,86372.42
2026-09-24,2025-02,payg_nc,PAYG NC,New customer pay-as-you-go,3,M3,M3 PAYG NC,9815,6536,0.6659,1.403,7.037,6.5742,9169.3,64526.04
2026-09-24,2025-02,payg_nc,PAYG NC,New customer pay-as-you-go,4,M4,M4 PAYG NC,9815,5343,0.5444,1.31,6.959,4.9614,6997.7,48696.44
2026-09-24,2025-02,payg_nc,PAYG NC,New customer pay-as-you-go,5,M5,M5 PAYG NC,9815,4295,0.4376,1.246,6.952,3.7899,5350.5,37197.51
2026-09-24,2025-02,payg_nc,PAYG NC,New customer pay-as-you-go,6,M6,M6 PAYG NC,9815,3543,0.361,1.181,6.865,2.9276,4185.7,28734.15
2026-09-24,2025-02,payg_nc,PAYG NC,New customer pay-as-you-go,7,M7,M7 PAYG NC,9815,2908,0.2963,1.114,6.796,2.2437,3240.5,22022.03
2026-09-24,2025-02,payg_nc,PAYG NC,New customer pay-as-you-go,8,M8,M8 PAYG NC,9815,2431,0.2477,1.052,6.743,1.7567,2557.0,17242.04
2026-09-24,2025-02,payg_nc,PAYG NC,New customer pay-as-you-go,9,M9,M9 PAYG NC,9815,1994,0.2032,0.982,6.677,1.332,1958.0,13073.27
2026-09-24,2025-02,payg_nc,PAYG NC,New customer pay-as-you-go,10,M10,M10 PAYG NC,9815,1664,0.1695,0.921,6.603,1.0312,1532.8,10120.9
2026-09-24,2025-02,payg_nc,PAYG NC,New customer pay-as-you-go,11,M11,M11 PAYG NC,9815,1373,0.1399,0.862,6.532,0.788,1184.1,7734.09
2026-09-24,2025-02,payg_nc,PAYG NC,New customer pay-as-you-go,12,M12,M12 PAYG NC,9815,1115,0.1136,0.799,6.465,0.5869,890.9,5760.01
2026-09-24,2025-02,payg_nc,PAYG NC,New customer pay-as-you-go,13,M13,M13 PAYG NC,9815,925,0.0942,0.751,6.366,0.4506,694.7,4422.78
2026-09-24,2025-02,payg_nc,PAYG NC,New customer pay-as-you-go,14,M14,M14 PAYG NC,9815,769,0.0783,0.711,6.348,0.3536,546.7,3470.77
2026-09-24,2025-02,payg_nc,PAYG NC,New customer pay-as-you-go,15,M15,M15 PAYG NC,9815,629,0.0641,0.659,6.324,0.2672,414.8,2623.0
2026-09-24,2025-02,payg_nc,PAYG NC,New customer pay-as-you-go,16,M16,M16 PAYG NC,9815,517,0.0527,0.623,6.322,0.2076,322.3,2037.69
2026-09-24,2025-02,payg_nc,PAYG NC,New customer pay-as-you-go,17,M17,M17 PAYG NC,9815,429,0.0437,0.588,6.215,0.1597,252.1,1566.97
2026-09-24,2025-02,payg_nc,PAYG NC,New customer pay-as-you-go,18,M18,M18 PAYG NC,9815,355,0.0362,0.549,6.134,0.1218,194.9,1195.81
2026-09-24,2025-02,payg_nc,PAYG NC,New customer pay-as-you-go,19,M19,M19 PAYG NC,9815,296,0.0302,0.516,6.065,0.0944,152.8,926.77
2026-09-24,2025-02,payg_nc,PAYG NC,New customer pay-as-you-go,20,M20,M20 PAYG NC,9815,239,0.0244,0.49,6.04,0.0721,117.1,707.23
2026-09-24,2025-02,payg_ec,PAYG EC,Existing customer pay-as-you-go,1,M1,M1 PAYG EC,5732,5732,1.0,2.294,8.487,19.4664,13147.6,111581.69
2026-09-24,2025-02,payg_ec,PAYG EC,Existing customer pay-as-you-go,2,M2,M2 PAYG EC,5732,5148,0.8981,2.208,8.425,16.7051,11365.0,95753.37
2026-09-24,2025-02,payg_ec,PAYG EC,Existing customer pay-as-you-go,3,M3,M3 PAYG EC,5732,4665,0.8139,2.115,8.39,14.4416,9865.8,82779.18
2026-09-24,2025-02,payg_ec,PAYG EC,Existing customer pay-as-you-go,4,M4,M4 PAYG EC,5732,4236,0.739,2.035,8.322,12.513,8618.7,71724.64
2026-09-24,2025-02,payg_ec,PAYG EC,Existing customer pay-as-you-go,5,M5,M5 PAYG EC,5732,3739,0.6523,1.958,8.291,10.5877,7320.2,60688.54
2026-09-24,2025-02,payg_ec,PAYG EC,Existing customer pay-as-you-go,6,M6,M6 PAYG EC,5732,3307,0.5769,1.864,8.223,8.842,6163.5,50682.5
2026-09-24,2025-02,payg_ec,PAYG EC,Existing customer pay-as-you-go,7,M7,M7 PAYG EC,5732,2933,0.5117,1.812,8.185,7.5893,5314.9,43501.85
2026-09-24,2025-02,payg_ec,PAYG EC,Existing customer pay-as-you-go,8,M8,M8 PAYG EC,5732,2679,0.4674,1.717,8.129,6.5225,4599.0,37387.17
2026-09-24,2025-02,payg_ec,PAYG EC,Existing customer pay-as-you-go,9,M9,M9 PAYG EC,5732,2449,0.4273,1.655,8.049,5.6903,4052.4,32616.65
2026-09-24,2025-02,payg_ec,PAYG EC,Existing customer pay-as-you-go,10,M10,M10 PAYG EC,5732,2194,0.3828,1.592,7.979,4.8616,3492.6,27866.88
2026-09-24,2025-02,payg_ec,PAYG EC,Existing customer pay-as-you-go,11,M11,M11 PAYG EC,5732,1970,0.3437,1.516,7.918,4.1261,2987.1,23650.66
2026-09-24,2025-02,payg_ec,PAYG EC,Existing customer pay-as-you-go,12,M12,M12 PAYG EC,5732,1798,0.3137,1.461,7.853,3.598,2626.2,20623.84
2026-09-24,2025-02,payg_ec,PAYG EC,Existing customer pay-as-you-go,13,M13,M13 PAYG EC,5732,1618,0.2823,1.408,7.755,3.0815,2277.7,17663.27
2026-09-24,2025-02,payg_ec,PAYG EC,Existing customer pay-as-you-go,14,M14,M14 PAYG EC,5732,1460,0.2547,1.361,7.705,2.6707,1986.7,15308.31
2026-09-24,2025-02,payg_ec,PAYG EC,Existing customer pay-as-you-go,15,M15,M15 PAYG EC,5732,1337,0.2333,1.32,7.628,2.3489,1765.1,13464.08
2026-09-24,2025-02,payg_ec,PAYG EC,Existing customer pay-as-you-go,16,M16,M16 PAYG EC,5732,1197,0.2088,1.272,7.571,2.0113,1522.7,11528.8
2026-09-24,2025-02,payg_ec,PAYG EC,Existing customer pay-as-you-go,17,M17,M17 PAYG EC,5732,1090,0.1902,1.228,7.544,1.7619,1338.8,10099.36
2026-09-24,2025-02,payg_ec,PAYG EC,Existing customer pay-as-you-go,18,M18,M18 PAYG EC,5732,964,0.1682,1.191,7.554,1.5129,1148.0,8671.87
2026-09-24,2025-02,payg_ec,PAYG EC,Existing customer pay-as-you-go,19,M19,M19 PAYG EC,5732,868,0.1514,1.129,7.469,1.2767,979.7,7317.87
2026-09-24,2025-02,payg_ec,PAYG EC,Existing customer pay-as-you-go,20,M20,M20 PAYG EC,5732,783,0.1366,1.087,7.356,1.092,850.9,6259.59
2026-09-24,2025-01,nc_sub,NC Sub,New customer subscriber,1,M1,M1 NC Sub,4444,4444,1.0,2.758,9.229,25.4562,12257.3,113127.16
2026-09-24,2025-01,nc_sub,NC Sub,New customer subscriber,2,M2,M2 NC Sub,4444,4073,0.9165,2.658,9.122,22.22,10825.6,98745.8
2026-09-24,2025-01,nc_sub,NC Sub,New customer subscriber,3,M3,M3 NC Sub,4444,3767,0.8477,2.607,9.054,20.0093,9821.1,88921.29
2026-09-24,2025-01,nc_sub,NC Sub,New customer subscriber,4,M4,M4 NC Sub,4444,3523,0.7928,2.502,8.959,17.772,8815.3,78978.95
2026-09-24,2025-01,nc_sub,NC Sub,New customer subscriber,5,M5,M5 NC Sub,4444,3234,0.7277,2.461,8.946,16.0193,7958.1,71189.77
2026-09-24,2025-01,nc_sub,NC Sub,New customer subscriber,6,M6,M6 NC Sub,4444,3027,0.6811,2.418,8.987,14.8013,7319.3,65776.83
2026-09-24,2025-01,nc_sub,NC Sub,New customer subscriber,7,M7,M7 NC Sub,4444,2813,0.633,2.368,8.994,13.4794,6660.2,59902.3
2026-09-24,2025-01,nc_sub,NC Sub,New customer subscriber,8,M8,M8 NC Sub,4444,2558,0.5756,2.285,8.877,11.6738,5844.0,51878.54
2026-09-24,2025-01,nc_sub,NC Sub,New customer subscriber,9,M9,M9 NC Sub,4444,2320,0.5221,2.185,8.848,10.0936,5069.8,44856.03
2026-09-24,2025-01,nc_sub,NC Sub,New customer subscriber,10,M10,M10 NC Sub,4444,2115,0.4759,2.149,8.831,9.0318,4545.2,40137.15
2026-09-24,2025-01,nc_sub,NC Sub,New customer subscriber,11,M11,M11 NC Sub,4444,1939,0.4363,2.068,8.827,7.9659,4010.4,35400.36
2026-09-24,2025-01,nc_sub,NC Sub,New customer subscriber,12,M12,M12 NC Sub,4444,1761,0.3963,2.03,8.712,7.0075,3574.5,31141.24
2026-09-24,2025-01,nc_sub,NC Sub,New customer subscriber,13,M13,M13 NC Sub,4444,1605,0.3612,1.983,8.699,6.2306,3182.9,27688.98
2026-09-24,2025-01,nc_sub,NC Sub,New customer subscriber,14,M14,M14 NC Sub,4444,1466,0.3299,1.92,8.638,5.4717,2814.9,24316.26
2026-09-24,2025-01,nc_sub,NC Sub,New customer subscriber,15,M15,M15 NC Sub,4444,1368,0.3078,1.876,8.653,4.9975,2566.6,22208.74
2026-09-24,2025-01,nc_sub,NC Sub,New customer subscriber,16,M16,M16 NC Sub,4444,1246,0.2804,1.845,8.671,4.4846,2298.3,19929.78
2026-09-24,2025-01,nc_sub,NC Sub,New customer subscriber,17,M17,M17 NC Sub,4444,1160,0.261,1.763,8.662,3.9861,2045.1,17714.21
2026-09-24,2025-01,nc_sub,NC Sub,New customer subscriber,18,M18,M18 NC Sub,4444,1055,0.2374,1.709,8.7,3.5306,1803.5,15690.1
2026-09-24,2025-01,nc_sub,NC Sub,New customer subscriber,19,M19,M19 NC Sub,4444,959,0.2158,1.642,8.598,3.0469,1574.8,13540.28
2026-09-24,2025-01,nc_sub,NC Sub,New customer subscriber,20,M20,M20 NC Sub,4444,873,0.1964,1.605,8.617,2.7173,1401.3,12075.5
2026-09-24,2025-01,nc_sub,NC Sub,New customer subscriber,21,M21,M21 NC Sub,4444,816,0.1836,1.562,8.622,2.4724,1274.4,10987.52
2026-09-24,2025-01,ec_sub,EC Sub,Existing customer subscriber,1,M1,M1 EC Sub,3843,3843,1.0,3.581,11.169,39.9889,13759.9,153677.44
2026-09-24,2025-01,ec_sub,EC Sub,Existing customer subscriber,2,M2,M2 EC Sub,3843,3719,0.9677,3.564,11.106,38.2995,13253.0,147185.1
2026-09-24,2025-01,ec_sub,EC Sub,Existing customer subscriber,3,M3,M3 EC Sub,3843,3581,0.9318,3.523,11.034,36.2264,12616.7,139217.94
2026-09-24,2025-01,ec_sub,EC Sub,Existing customer subscriber,4,M4,M4 EC Sub,3843,3495,0.9094,3.493,11.024,35.0169,12206.6,134569.99
2026-09-24,2025-01,ec_sub,EC Sub,Existing customer subscriber,5,M5,M5 EC Sub,3843,3345,0.8704,3.416,10.999,32.7008,11425.6,125669.35
2026-09-24,2025-01,ec_sub,EC Sub,Existing customer subscriber,6,M6,M6 EC Sub,3843,3223,0.8387,3.345,11.026,30.9298,10780.7,118863.4
2026-09-24,2025-01,ec_sub,EC Sub,Existing customer subscriber,7,M7,M7 EC Sub,3843,3148,0.8192,3.278,10.966,29.4455,10319.4,113159.1
2026-09-24,2025-01,ec_sub,EC Sub,Existing customer subscriber,8,M8,M8 EC Sub,3843,3069,0.7986,3.227,11.013,28.3795,9903.1,109062.3
2026-09-24,2025-01,ec_sub,EC Sub,Existing customer subscriber,9,M9,M9 EC Sub,3843,2982,0.776,3.192,10.94,27.0983,9518.9,104138.66
2026-09-24,2025-01,ec_sub,EC Sub,Existing customer subscriber,10,M10,M10 EC Sub,3843,2823,0.7346,3.16,10.98,25.4898,8921.0,97957.19
2026-09-24,2025-01,ec_sub,EC Sub,Existing customer subscriber,11,M11,M11 EC Sub,3843,2731,0.7106,3.133,10.879,24.2194,8555.7,93075.06
2026-09-24,2025-01,ec_sub,EC Sub,Existing customer subscriber,12,M12,M12 EC Sub,3843,2587,0.6732,3.072,10.784,22.3042,7948.4,85715.09
2026-09-24,2025-01,ec_sub,EC Sub,Existing customer subscriber,13,M13,M13 EC Sub,3843,2516,0.6547,3.028,10.842,21.4912,7617.5,82590.81
2026-09-24,2025-01,ec_sub,EC Sub,Existing customer subscriber,14,M14,M14 EC Sub,3843,2461,0.6404,2.986,10.924,20.8863,7348.0,80266.14
2026-09-24,2025-01,ec_sub,EC Sub,Existing customer subscriber,15,M15,M15 EC Sub,3843,2402,0.625,2.979,10.93,20.3494,7154.5,78202.59
2026-09-24,2025-01,ec_sub,EC Sub,Existing customer subscriber,16,M16,M16 EC Sub,3843,2321,0.604,2.984,10.864,19.581,6926.5,75249.79
2026-09-24,2025-01,ec_sub,EC Sub,Existing customer subscriber,17,M17,M17 EC Sub,3843,2192,0.5704,2.988,10.918,18.6085,6550.2,71512.42
2026-09-24,2025-01,ec_sub,EC Sub,Existing customer subscriber,18,M18,M18 EC Sub,3843,2080,0.5412,2.944,10.894,17.3558,6122.7,66698.47
2026-09-24,2025-01,ec_sub,EC Sub,Existing customer subscriber,19,M19,M19 EC Sub,3843,2010,0.523,2.908,10.856,16.5151,5846.1,63467.42
2026-09-24,2025-01,ec_sub,EC Sub,Existing customer subscriber,20,M20,M20 EC Sub,3843,1931,0.5025,2.862,10.744,15.4528,5527.3,59385.03
2026-09-24,2025-01,ec_sub,EC Sub,Existing customer subscriber,21,M21,M21 EC Sub,3843,1822,0.4741,2.876,10.729,14.6296,5240.1,56221.72
2026-09-24,2025-01,payg_nc,PAYG NC,New customer pay-as-you-go,1,M1,M1 PAYG NC,9133,9133,1.0,1.662,7.099,11.7986,15180.1,107756.79
2026-09-24,2025-01,payg_nc,PAYG NC,New customer pay-as-you-go,2,M2,M2 PAYG NC,9133,7578,0.8297,1.54,7.019,8.9708,11672.8,81930.47
2026-09-24,2025-01,payg_nc,PAYG NC,New customer pay-as-you-go,3,M3,M3 PAYG NC,9133,6334,0.6935,1.45,6.972,7.0088,9181.7,64011.19
2026-09-24,2025-01,payg_nc,PAYG NC,New customer pay-as-you-go,4,M4,M4 PAYG NC,9133,5111,0.5596,1.356,6.874,5.217,6931.6,47647.22
2026-09-24,2025-01,payg_nc,PAYG NC,New customer pay-as-you-go,5,M5,M5 PAYG NC,9133,4207,0.4606,1.261,6.844,3.9754,5305.0,36307.28
2026-09-24,2025-01,payg_nc,PAYG NC,New customer pay-as-you-go,6,M6,M6 PAYG NC,9133,3417,0.3741,1.184,6.729,2.9811,4045.9,27226.15
2026-09-24,2025-01,payg_nc,PAYG NC,New customer pay-as-you-go,7,M7,M7 PAYG NC,9133,2811,0.3078,1.116,6.668,2.2911,3137.9,20924.37
2026-09-24,2025-01,payg_nc,PAYG NC,New customer pay-as-you-go,8,M8,M8 PAYG NC,9133,2350,0.2573,1.065,6.562,1.7976,2502.1,16417.74
2026-09-24,2025-01,payg_nc,PAYG NC,New customer pay-as-you-go,9,M9,M9 PAYG NC,9133,1903,0.2084,1.0,6.538,1.3626,1903.5,12444.2
2026-09-24,2025-01,payg_nc,PAYG NC,New customer pay-as-you-go,10,M10,M10 PAYG NC,9133,1559,0.1707,0.936,6.513,1.0412,1459.9,9508.96
2026-09-24,2025-01,payg_nc,PAYG NC,New customer pay-as-you-go,11,M11,M11 PAYG NC,9133,1300,0.1423,0.887,6.48,0.8181,1153.0,7471.81
2026-09-24,2025-01,payg_nc,PAYG NC,New customer pay-as-you-go,12,M12,M12 PAYG NC,9133,1061,0.1162,0.846,6.392,0.628,897.3,5735.25
2026-09-24,2025-01,payg_nc,PAYG NC,New customer pay-as-you-go,13,M13,M13 PAYG NC,9133,880,0.0964,0.787,6.374,0.4836,692.9,4416.81
2026-09-24,2025-01,payg_nc,PAYG NC,New customer pay-as-you-go,14,M14,M14 PAYG NC,9133,725,0.0794,0.74,6.31,0.3707,536.6,3386.0
2026-09-24,2025-01,payg_nc,PAYG NC,New customer pay-as-you-go,15,M15,M15 PAYG NC,9133,603,0.066,0.696,6.298,0.2894,419.7,2643.04
2026-09-24,2025-01,payg_nc,PAYG NC,New customer pay-as-you-go,16,M16,M16 PAYG NC,9133,499,0.0546,0.663,6.292,0.228,330.9,2082.31
2026-09-24,2025-01,payg_nc,PAYG NC,New customer pay-as-you-go,17,M17,M17 PAYG NC,9133,403,0.0441,0.618,6.173,0.1683,249.0,1537.45
2026-09-24,2025-01,payg_nc,PAYG NC,New customer pay-as-you-go,18,M18,M18 PAYG NC,9133,331,0.0362,0.581,6.071,0.1278,192.3,1167.59
2026-09-24,2025-01,payg_nc,PAYG NC,New customer pay-as-you-go,19,M19,M19 PAYG NC,9133,267,0.0292,0.548,6.021,0.0964,146.3,880.85
2026-09-24,2025-01,payg_nc,PAYG NC,New customer pay-as-you-go,20,M20,M20 PAYG NC,9133,219,0.024,0.517,5.915,0.0733,113.2,669.71
2026-09-24,2025-01,payg_nc,PAYG NC,New customer pay-as-you-go,21,M21,M21 PAYG NC,9133,178,0.0195,0.48,5.875,0.055,85.5,502.16
2026-09-24,2025-01,payg_ec,PAYG EC,Existing customer pay-as-you-go,1,M1,M1 PAYG EC,6223,6223,1.0,2.194,8.42,18.475,13655.0,114970.14
2026-09-24,2025-01,payg_ec,PAYG EC,Existing customer pay-as-you-go,2,M2,M2 PAYG EC,6223,5598,0.8996,2.122,8.431,16.0925,11877.5,100143.66
2026-09-24,2025-01,payg_ec,PAYG EC,Existing customer pay-as-you-go,3,M3,M3 PAYG EC,6223,4963,0.7975,2.026,8.299,13.4128,10057.1,83467.66
2026-09-24,2025-01,payg_ec,PAYG EC,Existing customer pay-as-you-go,4,M4,M4 PAYG EC,6223,4483,0.7204,1.965,8.207,11.6192,8809.8,72306.33
2026-09-24,2025-01,payg_ec,PAYG EC,Existing customer pay-as-you-go,5,M5,M5 PAYG EC,6223,3985,0.6404,1.889,8.097,9.7946,7528.1,60951.97
2026-09-24,2025-01,payg_ec,PAYG EC,Existing customer pay-as-you-go,6,M6,M6 PAYG EC,6223,3532,0.5676,1.838,7.997,8.3415,6491.1,51909.26
2026-09-24,2025-01,payg_ec,PAYG EC,Existing customer pay-as-you-go,7,M7,M7 PAYG EC,6223,3128,0.5027,1.781,8.016,7.1771,5571.6,44663.36
2026-09-24,2025-01,payg_ec,PAYG EC,Existing customer pay-as-you-go,8,M8,M8 PAYG EC,6223,2768,0.4448,1.72,7.89,6.0351,4759.8,37556.59
2026-09-24,2025-01,payg_ec,PAYG EC,Existing customer pay-as-you-go,9,M9,M9 PAYG EC,6223,2503,0.4022,1.656,7.767,5.1734,4144.8,32193.95
2026-09-24,2025-01,payg_ec,PAYG EC,Existing customer pay-as-you-go,10,M10,M10 PAYG EC,6223,2210,0.3551,1.602,7.775,4.4227,3540.0,27522.7
2026-09-24,2025-01,payg_ec,PAYG EC,Existing customer pay-as-you-go,11,M11,M11 PAYG EC,6223,2011,0.3232,1.538,7.715,3.8352,3093.6,23866.37
2026-09-24,2025-01,payg_ec,PAYG EC,Existing customer pay-as-you-go,12,M12,M12 PAYG EC,6223,1796,0.2886,1.49,7.653,3.2907,2675.7,20478.01
2026-09-24,2025-01,payg_ec,PAYG EC,Existing customer pay-as-you-go,13,M13,M13 PAYG EC,6223,1596,0.2565,1.425,7.582,2.7701,2273.6,17238.38
2026-09-24,2025-01,payg_ec,PAYG EC,Existing customer pay-as-you-go,14,M14,M14 PAYG EC,6223,1431,0.23,1.38,7.52,2.3871,1975.5,14854.69
2026-09-24,2025-01,payg_ec,PAYG EC,Existing customer pay-as-you-go,15,M15,M15 PAYG EC,6223,1309,0.2103,1.309,7.541,2.0765,1713.5,12922.03
2026-09-24,2025-01,payg_ec,PAYG EC,Existing customer pay-as-you-go,16,M16,M16 PAYG EC,6223,1185,0.1904,1.261,7.553,1.8143,1494.8,11290.65
2026-09-24,2025-01,payg_ec,PAYG EC,Existing customer pay-as-you-go,17,M17,M17 PAYG EC,6223,1075,0.1727,1.223,7.474,1.5788,1314.6,9824.61
2026-09-24,2025-01,payg_ec,PAYG EC,Existing customer pay-as-you-go,18,M18,M18 PAYG EC,6223,984,0.1581,1.176,7.38,1.3721,1157.0,8538.55
2026-09-24,2025-01,payg_ec,PAYG EC,Existing customer pay-as-you-go,19,M19,M19 PAYG EC,6223,899,0.1445,1.134,7.396,1.2117,1019.5,7540.44
2026-09-24,2025-01,payg_ec,PAYG EC,Existing customer pay-as-you-go,20,M20,M20 PAYG EC,6223,822,0.1321,1.102,7.386,1.0748,905.6,6688.56
2026-09-24,2025-01,payg_ec,PAYG EC,Existing customer pay-as-you-go,21,M21,M21 PAYG EC,6223,738,0.1186,1.055,7.265,0.9087,778.3,5654.56
2026-09-24,2024-12,nc_sub,NC Sub,New customer subscriber,1,M1,M1 NC Sub,4154,4154,1.0,2.909,9.217,26.8091,12082.6,111364.87
2026-09-24,2024-12,nc_sub,NC Sub,New customer subscriber,2,M2,M2 NC Sub,4154,3820,0.9196,2.848,9.252,24.2352,10880.6,100672.87
2026-09-24,2024-12,nc_sub,NC Sub,New customer subscriber,3,M3,M3 NC Sub,4154,3555,0.8558,2.749,9.275,21.8192,9772.6,90636.85
2026-09-24,2024-12,nc_sub,NC Sub,New customer subscriber,4,M4,M4 NC Sub,4154,3325,0.8004,2.692,9.212,19.8471,8949.5,82444.85
2026-09-24,2024-12,nc_sub,NC Sub,New customer subscriber,5,M5,M5 NC Sub,4154,3090,0.7439,2.599,9.258,17.895,8029.5,74335.78
2026-09-24,2024-12,nc_sub,NC Sub,New customer subscriber,6,M6,M6 NC Sub,4154,2812,0.6769,2.544,9.187,15.8215,7154.2,65722.34
2026-09-24,2024-12,nc_sub,NC Sub,New customer subscriber,7,M7,M7 NC Sub,4154,2623,0.6314,2.467,9.22,14.3632,6471.3,59664.89
2026-09-24,2024-12,nc_sub,NC Sub,New customer subscriber,8,M8,M8 NC Sub,4154,2371,0.5708,2.368,9.128,12.3346,5613.5,51237.76
2026-09-24,2024-12,nc_sub,NC Sub,New customer subscriber,9,M9,M9 NC Sub,4154,2197,0.5289,2.308,8.992,10.9768,5070.8,45597.61
2026-09-24,2024-12,nc_sub,NC Sub,New customer subscriber,10,M10,M10 NC Sub,4154,1982,0.4771,2.246,8.953,9.593,4451.1,39849.37
2026-09-24,2024-12,nc_sub,NC Sub,New customer subscriber,11,M11,M11 NC Sub,4154,1816,0.4372,2.191,8.946,8.567,3978.2,35587.21
2026-09-24,2024-12,nc_sub,NC Sub,New customer subscriber,12,M12,M12 NC Sub,4154,1691,0.4071,2.149,8.838,7.73,3633.2,32110.31
2026-09-24,2024-12,nc_sub,NC Sub,New customer subscriber,13,M13,M13 NC Sub,4154,1550,0.3731,2.097,8.821,6.9008,3249.7,28666.09
2026-09-24,2024-12,nc_sub,NC Sub,New customer subscriber,14,M14,M14 NC Sub,4154,1452,0.3495,2.022,8.811,6.2282,2936.2,25871.88
2026-09-24,2024-12,nc_sub,NC Sub,New customer subscriber,15,M15,M15 NC Sub,4154,1334,0.3211,1.961,8.807,5.5471,2616.5,23042.56
2026-09-24,2024-12,nc_sub,NC Sub,New customer subscriber,16,M16,M16 NC Sub,4154,1238,0.298,1.903,8.676,4.9218,2356.5,20445.34
2026-09-24,2024-12,nc_sub,NC Sub,New customer subscriber,17,M17,M17 NC Sub,4154,1128,0.2715,1.836,8.709,4.3414,2070.6,18034.1
2026-09-24,2024-12,nc_sub,NC Sub,New customer subscriber,18,M18,M18 NC Sub,4154,1051,0.253,1.79,8.651,3.9173,1881.0,16272.29
2026-09-24,2024-12,nc_sub,NC Sub,New customer subscriber,19,M19,M19 NC Sub,4154,985,0.2371,1.712,8.586,3.4864,1686.7,14482.59
2026-09-24,2024-12,nc_sub,NC Sub,New customer subscriber,20,M20,M20 NC Sub,4154,906,0.2181,1.673,8.473,3.0909,1515.4,12839.68
2026-09-24,2024-12,nc_sub,NC Sub,New customer subscriber,21,M21,M21 NC Sub,4154,827,0.1991,1.64,8.382,2.737,1356.4,11369.33
2026-09-24,2024-12,nc_sub,NC Sub,New customer subscriber,22,M22,M22 NC Sub,4154,755,0.1818,1.57,8.259,2.3574,1185.7,9792.68
2026-09-24,2024-12,ec_sub,EC Sub,Existing customer subscriber,1,M1,M1 EC Sub,3520,3520,1.0,3.596,11.51,41.3866,12656.5,145680.91
2026-09-24,2024-12,ec_sub,EC Sub,Existing customer subscriber,2,M2,M2 EC Sub,3520,3426,0.9733,3.601,11.548,40.4789,12338.7,142485.76
2026-09-24,2024-12,ec_sub,EC Sub,Existing customer subscriber,3,M3,M3 EC Sub,3520,3343,0.9497,3.545,11.451,38.5489,11849.3,135692.18
2026-09-24,2024-12,ec_sub,EC Sub,Existing customer subscriber,4,M4,M4 EC Sub,3520,3252,0.9239,3.497,11.459,37.0218,11372.6,130316.67
2026-09-24,2024-12,ec_sub,EC Sub,Existing customer subscriber,5,M5,M5 EC Sub,3520,3066,0.871,3.437,11.443,34.2591,10538.8,120591.9
2026-09-24,2024-12,ec_sub,EC Sub,Existing customer subscriber,6,M6,M6 EC Sub,3520,2973,0.8446,3.412,11.369,32.7635,10143.6,115327.58
2026-09-24,2024-12,ec_sub,EC Sub,Existing customer subscriber,7,M7,M7 EC Sub,3520,2907,0.8259,3.342,11.358,31.346,9714.6,110338.05
2026-09-24,2024-12,ec_sub,EC Sub,Existing customer subscriber,8,M8,M8 EC Sub,3520,2806,0.7972,3.283,11.375,29.7696,9212.3,104789.15
2026-09-24,2024-12,ec_sub,EC Sub,Existing customer subscriber,9,M9,M9 EC Sub,3520,2714,0.771,3.274,11.451,28.9062,8885.3,101749.86
2026-09-24,2024-12,ec_sub,EC Sub,Existing customer subscriber,10,M10,M10 EC Sub,3520,2644,0.7511,3.21,11.346,27.3613,8488.5,96311.88
2026-09-24,2024-12,ec_sub,EC Sub,Existing customer subscriber,11,M11,M11 EC Sub,3520,2501,0.7105,3.22,11.265,25.7689,8052.2,90706.5
2026-09-24,2024-12,ec_sub,EC Sub,Existing customer subscriber,12,M12,M12 EC Sub,3520,2377,0.6753,3.163,11.232,23.9892,7517.9,84442.1
2026-09-24,2024-12,ec_sub,EC Sub,Existing customer subscriber,13,M13,M13 EC Sub,3520,2317,0.6582,3.1,11.226,22.9094,7183.7,80641.25
2026-09-24,2024-12,ec_sub,EC Sub,Existing customer subscriber,14,M14,M14 EC Sub,3520,2260,0.642,3.104,11.187,22.2965,7015.7,78483.73
2026-09-24,2024-12,ec_sub,EC Sub,Existing customer subscriber,15,M15,M15 EC Sub,3520,2162,0.6142,3.058,11.211,21.0543,6610.7,74111.15
2026-09-24,2024-12,ec_sub,EC Sub,Existing customer subscriber,16,M16,M16 EC Sub,3520,2046,0.5813,3.07,11.149,19.8966,6281.7,70036.01
2026-09-24,2024-12,ec_sub,EC Sub,Existing customer subscriber,17,M17,M17 EC Sub,3520,1984,0.5636,3.048,11.06,18.9973,6046.4,66870.5
2026-09-24,2024-12,ec_sub,EC Sub,Existing customer subscriber,18,M18,M18 EC Sub,3520,1937,0.5503,3.039,11.025,18.4362,5886.1,64895.45
2026-09-24,2024-12,ec_sub,EC Sub,Existing customer subscriber,19,M19,M19 EC Sub,3520,1853,0.5264,3.037,11.105,17.7535,5627.2,62492.37
2026-09-24,2024-12,ec_sub,EC Sub,Existing customer subscriber,20,M20,M20 EC Sub,3520,1770,0.5028,2.997,11.152,16.809,5305.6,59167.57
2026-09-24,2024-12,ec_sub,EC Sub,Existing customer subscriber,21,M21,M21 EC Sub,3520,1699,0.4827,2.963,11.074,15.8376,5034.0,55748.41
2026-09-24,2024-12,ec_sub,EC Sub,Existing customer subscriber,22,M22,M22 EC Sub,3520,1622,0.4608,2.935,11.056,14.9509,4760.2,52627.3
2026-09-24,2024-12,payg_nc,PAYG NC,New customer pay-as-you-go,1,M1,M1 PAYG NC,9305,9305,1.0,1.675,6.719,11.2527,15583.6,104706.18
2026-09-24,2024-12,payg_nc,PAYG NC,New customer pay-as-you-go,2,M2,M2 PAYG NC,9305,7696,0.8271,1.556,6.632,8.5342,11973.6,79411.07
2026-09-24,2024-12,payg_nc,PAYG NC,New customer pay-as-you-go,3,M3,M3 PAYG NC,9305,6210,0.6674,1.456,6.573,6.3852,9038.9,59413.98
2026-09-24,2024-12,payg_nc,PAYG NC,New customer pay-as-you-go,4,M4,M4 PAYG NC,9305,5029,0.5405,1.373,6.454,4.7901,6906.1,44572.25
2026-09-24,2024-12,payg_nc,PAYG NC,New customer pay-as-you-go,5,M5,M5 PAYG NC,9305,4063,0.4366,1.298,6.377,3.6149,5274.7,33636.95
2026-09-24,2024-12,payg_nc,PAYG NC,New customer pay-as-you-go,6,M6,M6 PAYG NC,9305,3331,0.358,1.216,6.27,2.7291,4050.3,25394.19
2026-09-24,2024-12,payg_nc,PAYG NC,New customer pay-as-you-go,7,M7,M7 PAYG NC,9305,2753,0.2959,1.132,6.223,2.0843,3116.6,19394.75
2026-09-24,2024-12,payg_nc,PAYG NC,New customer pay-as-you-go,8,M8,M8 PAYG NC,9305,2287,0.2458,1.054,6.106,1.5822,2411.2,14722.41
2026-09-24,2024-12,payg_nc,PAYG NC,New customer pay-as-you-go,9,M9,M9 PAYG NC,9305,1893,0.2034,0.981,6.066,1.2103,1856.4,11261.67
2026-09-24,2024-12,payg_nc,PAYG NC,New customer pay-as-you-go,10,M10,M10 PAYG NC,9305,1566,0.1683,0.917,6.053,0.9339,1435.6,8689.91
2026-09-24,2024-12,payg_nc,PAYG NC,New customer pay-as-you-go,11,M11,M11 PAYG NC,9305,1280,0.1376,0.869,6.008,0.7181,1112.0,6681.61
2026-09-24,2024-12,payg_nc,PAYG NC,New customer pay-as-you-go,12,M12,M12 PAYG NC,9305,1062,0.1141,0.809,5.939,0.5485,859.4,5104.26
2026-09-24,2024-12,payg_nc,PAYG NC,New customer pay-as-you-go,13,M13,M13 PAYG NC,9305,859,0.0923,0.753,5.925,0.4118,646.6,3831.5
2026-09-24,2024-12,payg_nc,PAYG NC,New customer pay-as-you-go,14,M14,M14 PAYG NC,9305,691,0.0743,0.71,5.916,0.312,490.7,2903.29
2026-09-24,2024-12,payg_nc,PAYG NC,New customer pay-as-you-go,15,M15,M15 PAYG NC,9305,578,0.0621,0.675,5.803,0.2434,390.3,2264.89
2026-09-24,2024-12,payg_nc,PAYG NC,New customer pay-as-you-go,16,M16,M16 PAYG NC,9305,475,0.051,0.628,5.792,0.1856,298.1,1726.86
2026-09-24,2024-12,payg_nc,PAYG NC,New customer pay-as-you-go,17,M17,M17 PAYG NC,9305,384,0.0413,0.583,5.71,0.1373,223.8,1277.96
2026-09-24,2024-12,payg_nc,PAYG NC,New customer pay-as-you-go,18,M18,M18 PAYG NC,9305,320,0.0344,0.541,5.65,0.1051,173.0,977.53
2026-09-24,2024-12,payg_nc,PAYG NC,New customer pay-as-you-go,19,M19,M19 PAYG NC,9305,258,0.0277,0.503,5.568,0.0777,129.8,722.93
2026-09-24,2024-12,payg_nc,PAYG NC,New customer pay-as-you-go,20,M20,M20 PAYG NC,9305,211,0.0227,0.471,5.459,0.0583,99.3,542.23
2026-09-24,2024-12,payg_nc,PAYG NC,New customer pay-as-you-go,21,M21,M21 PAYG NC,9305,171,0.0184,0.448,5.38,0.0442,76.5,411.7
2026-09-24,2024-12,payg_nc,PAYG NC,New customer pay-as-you-go,22,M22,M22 PAYG NC,9305,138,0.0148,0.424,5.35,0.0336,58.5,312.83
2026-09-24,2024-12,payg_ec,PAYG EC,Existing customer pay-as-you-go,1,M1,M1 PAYG EC,6089,6089,1.0,2.262,8.155,18.4465,13773.2,112321.03
2026-09-24,2024-12,payg_ec,PAYG EC,Existing customer pay-as-you-go,2,M2,M2 PAYG EC,6089,5500,0.9033,2.176,8.017,15.7579,11968.2,95949.58
2026-09-24,2024-12,payg_ec,PAYG EC,Existing customer pay-as-you-go,3,M3,M3 PAYG EC,6089,5018,0.8241,2.11,7.891,13.7202,10586.9,83542.52
2026-09-24,2024-12,payg_ec,PAYG EC,Existing customer pay-as-you-go,4,M4,M4 PAYG EC,6089,4505,0.7399,2.03,7.892,11.8514,9143.9,72163.25
2026-09-24,2024-12,payg_ec,PAYG EC,Existing customer pay-as-you-go,5,M5,M5 PAYG EC,6089,4108,0.6747,1.967,7.885,10.4656,8082.2,63725.1
2026-09-24,2024-12,payg_ec,PAYG EC,Existing customer pay-as-you-go,6,M6,M6 PAYG EC,6089,3725,0.6118,1.912,7.872,9.209,7123.3,56073.56
2026-09-24,2024-12,payg_ec,PAYG EC,Existing customer pay-as-you-go,7,M7,M7 PAYG EC,6089,3374,0.5541,1.824,7.77,7.8547,6155.6,47827.05
2026-09-24,2024-12,payg_ec,PAYG EC,Existing customer pay-as-you-go,8,M8,M8 PAYG EC,6089,3082,0.5062,1.738,7.653,6.7326,5356.5,40994.73
2026-09-24,2024-12,payg_ec,PAYG EC,Existing customer pay-as-you-go,9,M9,M9 PAYG EC,6089,2826,0.4641,1.658,7.648,5.8863,4686.3,35841.4
2026-09-24,2024-12,payg_ec,PAYG EC,Existing customer pay-as-you-go,10,M10,M10 PAYG EC,6089,2512,0.4125,1.611,7.629,5.0709,4047.4,30876.64
2026-09-24,2024-12,payg_ec,PAYG EC,Existing customer pay-as-you-go,11,M11,M11 PAYG EC,6089,2222,0.3649,1.537,7.605,4.2643,3414.3,25965.08
2026-09-24,2024-12,payg_ec,PAYG EC,Existing customer pay-as-you-go,12,M12,M12 PAYG EC,6089,2017,0.3313,1.495,7.509,3.7195,3016.2,22648.11
2026-09-24,2024-12,payg_ec,PAYG EC,Existing customer pay-as-you-go,13,M13,M13 PAYG EC,6089,1845,0.303,1.447,7.401,3.2458,2670.5,19763.76
2026-09-24,2024-12,payg_ec,PAYG EC,Existing customer pay-as-you-go,14,M14,M14 PAYG EC,6089,1647,0.2705,1.382,7.309,2.7323,2276.1,16637.01
2026-09-24,2024-12,payg_ec,PAYG EC,Existing customer pay-as-you-go,15,M15,M15 PAYG EC,6089,1510,0.248,1.33,7.309,2.4114,2008.8,14682.73
2026-09-24,2024-12,payg_ec,PAYG EC,Existing customer pay-as-you-go,16,M16,M16 PAYG EC,6089,1337,0.2196,1.267,7.312,2.0347,1694.4,12389.0
2026-09-24,2024-12,payg_ec,PAYG EC,Existing customer pay-as-you-go,17,M17,M17 PAYG EC,6089,1209,0.1986,1.221,7.268,1.7627,1476.7,10733.09
2026-09-24,2024-12,payg_ec,PAYG EC,Existing customer pay-as-you-go,18,M18,M18 PAYG EC,6089,1091,0.1792,1.179,7.265,1.5354,1286.8,9349.05
2026-09-24,2024-12,payg_ec,PAYG EC,Existing customer pay-as-you-go,19,M19,M19 PAYG EC,6089,995,0.1634,1.12,7.191,1.316,1114.3,8013.22
2026-09-24,2024-12,payg_ec,PAYG EC,Existing customer pay-as-you-go,20,M20,M20 PAYG EC,6089,888,0.1458,1.062,7.162,1.1089,942.8,6752.26
2026-09-24,2024-12,payg_ec,PAYG EC,Existing customer pay-as-you-go,21,M21,M21 PAYG EC,6089,784,0.1288,1.022,7.072,0.9303,801.0,5664.67
2026-09-24,2024-12,payg_ec,PAYG EC,Existing customer pay-as-you-go,22,M22,M22 PAYG EC,6089,692,0.1136,0.978,7.019,0.7801,676.7,4750.03
2026-09-24,2024-11,nc_sub,NC Sub,New customer subscriber,1,M1,M1 NC Sub,4062,4062,1.0,2.689,9.197,24.7327,10923.2,100464.34
2026-09-24,2024-11,nc_sub,NC Sub,New customer subscriber,2,M2,M2 NC Sub,4062,3669,0.9032,2.602,9.156,21.5164,9545.3,87399.62
2026-09-24,2024-11,nc_sub,NC Sub,New customer subscriber,3,M3,M3 NC Sub,4062,3401,0.8373,2.559,9.097,19.4882,8701.7,79161.16
2026-09-24,2024-11,nc_sub,NC Sub,New customer subscriber,4,M4,M4 NC Sub,4062,3076,0.7573,2.516,9.008,17.1664,7740.5,69730.01
2026-09-24,2024-11,nc_sub,NC Sub,New customer subscriber,5,M5,M5 NC Sub,4062,2778,0.6839,2.461,8.995,15.1413,6837.5,61504.14
2026-09-24,2024-11,nc_sub,NC Sub,New customer subscriber,6,M6,M6 NC Sub,4062,2531,0.6231,2.418,8.974,13.5185,6119.1,54912.02
2026-09-24,2024-11,nc_sub,NC Sub,New customer subscriber,7,M7,M7 NC Sub,4062,2305,0.5675,2.319,9.007,11.8546,5346.4,48153.32
2026-09-24,2024-11,nc_sub,NC Sub,New customer subscriber,8,M8,M8 NC Sub,4062,2162,0.5323,2.257,9.002,10.8154,4880.2,43932.06
2026-09-24,2024-11,nc_sub,NC Sub,New customer subscriber,9,M9,M9 NC Sub,4062,1965,0.4838,2.184,9.03,9.5401,4291.4,38751.84
2026-09-24,2024-11,nc_sub,NC Sub,New customer subscriber,10,M10,M10 NC Sub,4062,1798,0.4426,2.133,9.016,8.5128,3835.3,34579.18
2026-09-24,2024-11,nc_sub,NC Sub,New customer subscriber,11,M11,M11 NC Sub,4062,1652,0.4067,2.062,9.055,7.5922,3405.8,30839.67
2026-09-24,2024-11,nc_sub,NC Sub,New customer subscriber,12,M12,M12 NC Sub,4062,1495,0.368,1.979,9.09,6.62,2958.4,26890.27
2026-09-24,2024-11,nc_sub,NC Sub,New customer subscriber,13,M13,M13 NC Sub,4062,1399,0.3444,1.922,9.028,5.9756,2688.7,24272.8
2026-09-24,2024-11,nc_sub,NC Sub,New customer subscriber,14,M14,M14 NC Sub,4062,1276,0.3141,1.869,8.917,5.2339,2384.3,21259.92
2026-09-24,2024-11,nc_sub,NC Sub,New customer subscriber,15,M15,M15 NC Sub,4062,1154,0.2841,1.82,8.922,4.6131,2100.3,18738.37
2026-09-24,2024-11,nc_sub,NC Sub,New customer subscriber,16,M16,M16 NC Sub,4062,1072,0.2639,1.746,8.882,4.0933,1872.0,16626.89
2026-09-24,2024-11,nc_sub,NC Sub,New customer subscriber,17,M17,M17 NC Sub,4062,1003,0.2469,1.7,8.909,3.7406,1705.5,15194.31
2026-09-24,2024-11,nc_sub,NC Sub,New customer subscriber,18,M18,M18 NC Sub,4062,909,0.2238,1.671,8.949,3.3475,1519.4,13597.45
2026-09-24,2024-11,nc_sub,NC Sub,New customer subscriber,19,M19,M19 NC Sub,4062,822,0.2024,1.636,8.878,2.94,1345.1,11942.15
2026-09-24,2024-11,nc_sub,NC Sub,New customer subscriber,20,M20,M20 NC Sub,4062,771,0.1898,1.587,8.907,2.6832,1223.7,10899.0
2026-09-24,2024-11,nc_sub,NC Sub,New customer subscriber,21,M21,M21 NC Sub,4062,720,0.1773,1.526,8.8,2.381,1099.0,9671.74
2026-09-24,2024-11,nc_sub,NC Sub,New customer subscriber,22,M22,M22 NC Sub,4062,649,0.1598,1.503,8.81,2.115,975.2,8591.13
2026-09-24,2024-11,nc_sub,NC Sub,New customer subscriber,23,M23,M23 NC Sub,4062,602,0.1482,1.463,8.77,1.9018,880.8,7725.19
2026-09-24,2024-11,ec_sub,EC Sub,Existing customer subscriber,1,M1,M1 EC Sub,3629,3629,1.0,3.417,10.488,35.8354,12399.0,130046.5
2026-09-24,2024-11,ec_sub,EC Sub,Existing customer subscriber,2,M2,M2 EC Sub,3629,3481,0.9592,3.395,10.429,33.962,11817.8,123248.04
2026-09-24,2024-11,ec_sub,EC Sub,Existing customer subscriber,3,M3,M3 EC Sub,3629,3393,0.935,3.406,10.484,33.39,11557.7,121172.23
2026-09-24,2024-11,ec_sub,EC Sub,Existing customer subscriber,4,M4,M4 EC Sub,3629,3237,0.892,3.394,10.484,31.7442,10987.9,115199.53
2026-09-24,2024-11,ec_sub,EC Sub,Existing customer subscriber,5,M5,M5 EC Sub,3629,3133,0.8633,3.407,10.531,30.9756,10674.4,112410.28
2026-09-24,2024-11,ec_sub,EC Sub,Existing customer subscriber,6,M6,M6 EC Sub,3629,3009,0.8292,3.342,10.472,29.0187,10056.1,105308.85
2026-09-24,2024-11,ec_sub,EC Sub,Existing customer subscriber,7,M7,M7 EC Sub,3629,2877,0.7928,3.307,10.462,27.4245,9512.9,99523.55
2026-09-24,2024-11,ec_sub,EC Sub,Existing customer subscriber,8,M8,M8 EC Sub,3629,2751,0.7581,3.312,10.354,25.9976,9111.8,94345.36
2026-09-24,2024-11,ec_sub,EC Sub,Existing customer subscriber,9,M9,M9 EC Sub,3629,2620,0.722,3.316,10.278,24.6068,8688.2,89298.21
2026-09-24,2024-11,ec_sub,EC Sub,Existing customer subscriber,10,M10,M10 EC Sub,3629,2501,0.6892,3.29,10.175,23.0745,8229.4,83737.38
2026-09-24,2024-11,ec_sub,EC Sub,Existing customer subscriber,11,M11,M11 EC Sub,3629,2414,0.6652,3.245,10.205,22.0284,7833.9,79941.22
2026-09-24,2024-11,ec_sub,EC Sub,Existing customer subscriber,12,M12,M12 EC Sub,3629,2294,0.6321,3.248,10.281,21.1104,7451.7,76609.56
2026-09-24,2024-11,ec_sub,EC Sub,Existing customer subscriber,13,M13,M13 EC Sub,3629,2176,0.5996,3.202,10.337,19.8443,6966.8,72015.0
2026-09-24,2024-11,ec_sub,EC Sub,Existing customer subscriber,14,M14,M14 EC Sub,3629,2075,0.5718,3.138,10.371,18.6106,6512.0,67538.0
2026-09-24,2024-11,ec_sub,EC Sub,Existing customer subscriber,15,M15,M15 EC Sub,3629,1995,0.5497,3.115,10.305,17.6491,6215.0,64048.72
2026-09-24,2024-11,ec_sub,EC Sub,Existing customer subscriber,16,M16,M16 EC Sub,3629,1925,0.5304,3.103,10.274,16.9102,5973.3,61367.05
2026-09-24,2024-11,ec_sub,EC Sub,Existing customer subscriber,17,M17,M17 EC Sub,3629,1873,0.5161,3.033,10.161,15.9053,5680.8,57720.51
2026-09-24,2024-11,ec_sub,EC Sub,Existing customer subscriber,18,M18,M18 EC Sub,3629,1791,0.4935,2.969,10.153,14.8751,5316.6,53981.65
2026-09-24,2024-11,ec_sub,EC Sub,Existing customer subscriber,19,M19,M19 EC Sub,3629,1732,0.4773,2.966,10.069,14.2509,5136.3,51716.48
2026-09-24,2024-11,ec_sub,EC Sub,Existing customer subscriber,20,M20,M20 EC Sub,3629,1633,0.45,2.948,10.02,13.2914,4813.9,48234.53
2026-09-24,2024-11,ec_sub,EC Sub,Existing customer subscriber,21,M21,M21 EC Sub,3629,1578,0.4348,2.942,10.027,12.8258,4641.9,46544.69
2026-09-24,2024-11,ec_sub,EC Sub,Existing customer subscriber,22,M22,M22 EC Sub,3629,1543,0.4252,2.946,9.98,12.5018,4545.8,45369.03
2026-09-24,2024-11,ec_sub,EC Sub,Existing customer subscriber,23,M23,M23 EC Sub,3629,1452,0.4001,2.879,10.019,11.5398,4179.9,41877.94
2026-09-24,2024-11,payg_nc,PAYG NC,New customer pay-as-you-go,1,M1,M1 PAYG NC,10184,10184,1.0,1.553,6.681,10.3768,15817.6,105677.45
2026-09-24,2024-11,payg_nc,PAYG NC,New customer pay-as-you-go,2,M2,M2 PAYG NC,10184,8414,0.8262,1.451,6.675,7.999,12204.8,81462.28
2026-09-24,2024-11,payg_nc,PAYG NC,New customer pay-as-you-go,3,M3,M3 PAYG NC,10184,6849,0.6725,1.362,6.671,6.1096,9326.6,62220.28
2026-09-24,2024-11,payg_nc,PAYG NC,New customer pay-as-you-go,4,M4,M4 PAYG NC,10184,5606,0.5505,1.267,6.54,4.5623,7104.1,46462.31
2026-09-24,2024-11,payg_nc,PAYG NC,New customer pay-as-you-go,5,M5,M5 PAYG NC,10184,4629,0.4545,1.175,6.514,3.4781,5437.7,35420.67
2026-09-24,2024-11,payg_nc,PAYG NC,New customer pay-as-you-go,6,M6,M6 PAYG NC,10184,3788,0.372,1.099,6.409,2.6207,4164.0,26688.97
2026-09-24,2024-11,payg_nc,PAYG NC,New customer pay-as-you-go,7,M7,M7 PAYG NC,10184,3142,0.3085,1.032,6.366,2.0273,3243.1,20646.41
2026-09-24,2024-11,payg_nc,PAYG NC,New customer pay-as-you-go,8,M8,M8 PAYG NC,10184,2584,0.2537,0.982,6.334,1.5776,2536.6,16066.12
2026-09-24,2024-11,payg_nc,PAYG NC,New customer pay-as-you-go,9,M9,M9 PAYG NC,10184,2146,0.2107,0.933,6.281,1.2346,2001.9,12573.24
2026-09-24,2024-11,payg_nc,PAYG NC,New customer pay-as-you-go,10,M10,M10 PAYG NC,10184,1746,0.1714,0.877,6.222,0.9349,1530.4,9521.48
2026-09-24,2024-11,payg_nc,PAYG NC,New customer pay-as-you-go,11,M11,M11 PAYG NC,10184,1458,0.1432,0.815,6.119,0.7138,1187.9,7269.38
2026-09-24,2024-11,payg_nc,PAYG NC,New customer pay-as-you-go,12,M12,M12 PAYG NC,10184,1189,0.1168,0.77,6.111,0.5491,915.1,5592.38
2026-09-24,2024-11,payg_nc,PAYG NC,New customer pay-as-you-go,13,M13,M13 PAYG NC,10184,975,0.0957,0.734,6.104,0.4288,715.5,4367.26
2026-09-24,2024-11,payg_nc,PAYG NC,New customer pay-as-you-go,14,M14,M14 PAYG NC,10184,808,0.0793,0.682,6.067,0.3281,550.7,3340.97
2026-09-24,2024-11,payg_nc,PAYG NC,New customer pay-as-you-go,15,M15,M15 PAYG NC,10184,659,0.0647,0.643,6.06,0.2521,423.6,2567.15
2026-09-24,2024-11,payg_nc,PAYG NC,New customer pay-as-you-go,16,M16,M16 PAYG NC,10184,539,0.0529,0.6,5.958,0.1892,323.3,1926.4
2026-09-24,2024-11,payg_nc,PAYG NC,New customer pay-as-you-go,17,M17,M17 PAYG NC,10184,443,0.0435,0.569,5.934,0.1468,251.9,1494.67
2026-09-24,2024-11,payg_nc,PAYG NC,New customer pay-as-you-go,18,M18,M18 PAYG NC,10184,356,0.035,0.537,5.894,0.1107,191.3,1127.67
2026-09-24,2024-11,payg_nc,PAYG NC,New customer pay-as-you-go,19,M19,M19 PAYG NC,10184,291,0.0286,0.51,5.882,0.0857,148.4,873.01
2026-09-24,2024-11,payg_nc,PAYG NC,New customer pay-as-you-go,20,M20,M20 PAYG NC,10184,239,0.0235,0.486,5.77,0.0658,116.1,669.91
2026-09-24,2024-11,payg_nc,PAYG NC,New customer pay-as-you-go,21,M21,M21 PAYG NC,10184,198,0.0194,0.455,5.738,0.0507,90.1,516.73
2026-09-24,2024-11,payg_nc,PAYG NC,New customer pay-as-you-go,22,M22,M22 PAYG NC,10184,160,0.0157,0.423,5.66,0.0376,67.7,383.24
2026-09-24,2024-11,payg_nc,PAYG NC,New customer pay-as-you-go,23,M23,M23 PAYG NC,10184,132,0.013,0.396,5.632,0.0289,52.2,294.16
2026-09-24,2024-11,payg_ec,PAYG EC,Existing customer pay-as-you-go,1,M1,M1 PAYG EC,5822,5822,1.0,2.151,8.49,18.2638,12524.5,106332.05
2026-09-24,2024-11,payg_ec,PAYG EC,Existing customer pay-as-you-go,2,M2,M2 PAYG EC,5822,5262,0.9038,2.058,8.512,15.829,10826.7,92156.38
2026-09-24,2024-11,payg_ec,PAYG EC,Existing customer pay-as-you-go,3,M3,M3 PAYG EC,5822,4664,0.8011,1.973,8.478,13.3999,9201.8,78013.99
2026-09-24,2024-11,payg_ec,PAYG EC,Existing customer pay-as-you-go,4,M4,M4 PAYG EC,5822,4258,0.7314,1.874,8.376,11.4767,7977.5,66817.35
2026-09-24,2024-11,payg_ec,PAYG EC,Existing customer pay-as-you-go,5,M5,M5 PAYG EC,5822,3818,0.6558,1.789,8.333,9.7786,6831.8,56931.05
2026-09-24,2024-11,payg_ec,PAYG EC,Existing customer pay-as-you-go,6,M6,M6 PAYG EC,5822,3417,0.5869,1.706,8.264,8.2747,5829.8,48175.38
2026-09-24,2024-11,payg_ec,PAYG EC,Existing customer pay-as-you-go,7,M7,M7 PAYG EC,5822,3112,0.5345,1.624,8.224,7.138,5053.0,41557.48
2026-09-24,2024-11,payg_ec,PAYG EC,Existing customer pay-as-you-go,8,M8,M8 PAYG EC,5822,2745,0.4715,1.563,8.093,5.9619,4289.1,34710.01
2026-09-24,2024-11,payg_ec,PAYG EC,Existing customer pay-as-you-go,9,M9,M9 PAYG EC,5822,2441,0.4193,1.481,7.959,4.9414,3614.6,28768.59
2026-09-24,2024-11,payg_ec,PAYG EC,Existing customer pay-as-you-go,10,M10,M10 PAYG EC,5822,2167,0.3722,1.404,7.938,4.1495,3043.2,24158.38
2026-09-24,2024-11,payg_ec,PAYG EC,Existing customer pay-as-you-go,11,M11,M11 PAYG EC,5822,1929,0.3313,1.35,7.898,3.533,2604.2,20569.28
2026-09-24,2024-11,payg_ec,PAYG EC,Existing customer pay-as-you-go,12,M12,M12 PAYG EC,5822,1739,0.2987,1.301,7.865,3.0562,2262.3,17793.31
2026-09-24,2024-11,payg_ec,PAYG EC,Existing customer pay-as-you-go,13,M13,M13 PAYG EC,5822,1586,0.2724,1.251,7.814,2.6639,1984.7,15509.51
2026-09-24,2024-11,payg_ec,PAYG EC,Existing customer pay-as-you-go,14,M14,M14 PAYG EC,5822,1417,0.2434,1.189,7.709,2.2302,1684.4,12983.96
2026-09-24,2024-11,payg_ec,PAYG EC,Existing customer pay-as-you-go,15,M15,M15 PAYG EC,5822,1279,0.2197,1.137,7.629,1.906,1454.6,11096.46
2026-09-24,2024-11,payg_ec,PAYG EC,Existing customer pay-as-you-go,16,M16,M16 PAYG EC,5822,1137,0.1953,1.104,7.563,1.631,1255.5,9495.67
2026-09-24,2024-11,payg_ec,PAYG EC,Existing customer pay-as-you-go,17,M17,M17 PAYG EC,5822,1032,0.1773,1.075,7.461,1.4218,1109.6,8278.0
2026-09-24,2024-11,payg_ec,PAYG EC,Existing customer pay-as-you-go,18,M18,M18 PAYG EC,5822,943,0.162,1.032,7.416,1.2399,973.4,7218.71
2026-09-24,2024-11,payg_ec,PAYG EC,Existing customer pay-as-you-go,19,M19,M19 PAYG EC,5822,855,0.1469,1.005,7.303,1.0777,859.1,6274.16
2026-09-24,2024-11,payg_ec,PAYG EC,Existing customer pay-as-you-go,20,M20,M20 PAYG EC,5822,767,0.1317,0.965,7.297,0.9281,740.5,5403.36
2026-09-24,2024-11,payg_ec,PAYG EC,Existing customer pay-as-you-go,21,M21,M21 PAYG EC,5822,676,0.1161,0.916,7.26,0.772,619.1,4494.47
2026-09-24,2024-11,payg_ec,PAYG EC,Existing customer pay-as-you-go,22,M22,M22 PAYG EC,5822,605,0.1039,0.878,7.16,0.6532,531.1,3802.88
2026-09-24,2024-11,payg_ec,PAYG EC,Existing customer pay-as-you-go,23,M23,M23 PAYG EC,5822,549,0.0943,0.831,7.178,0.5627,456.4,3276.05
2026-09-24,2024-10,nc_sub,NC Sub,New customer subscriber,1,M1,M1 NC Sub,4461,4461,1.0,2.898,9.915,28.7365,12929.5,128193.66
2026-09-24,2024-10,nc_sub,NC Sub,New customer subscriber,2,M2,M2 NC Sub,4461,4088,0.9164,2.832,9.947,25.8127,11576.9,115150.38
2026-09-24,2024-10,nc_sub,NC Sub,New customer subscriber,3,M3,M3 NC Sub,4461,3826,0.8577,2.731,9.921,23.2352,10447.4,103652.43
2026-09-24,2024-10,nc_sub,NC Sub,New customer subscriber,4,M4,M4 NC Sub,4461,3472,0.7783,2.63,9.949,20.3616,9130.2,90833.14
2026-09-24,2024-10,nc_sub,NC Sub,New customer subscriber,5,M5,M5 NC Sub,4461,3232,0.7245,2.554,9.914,18.3482,8256.0,81851.12
2026-09-24,2024-10,nc_sub,NC Sub,New customer subscriber,6,M6,M6 NC Sub,4461,2944,0.6599,2.453,9.796,15.8587,7221.8,70745.49
2026-09-24,2024-10,nc_sub,NC Sub,New customer subscriber,7,M7,M7 NC Sub,4461,2728,0.6115,2.392,9.678,14.1562,6525.0,63150.78
2026-09-24,2024-10,nc_sub,NC Sub,New customer subscriber,8,M8,M8 NC Sub,4461,2503,0.5611,2.32,9.701,12.6291,5807.7,56338.45
2026-09-24,2024-10,nc_sub,NC Sub,New customer subscriber,9,M9,M9 NC Sub,4461,2299,0.5154,2.28,9.661,11.3527,5242.1,50644.41
2026-09-24,2024-10,nc_sub,NC Sub,New customer subscriber,10,M10,M10 NC Sub,4461,2078,0.4658,2.187,9.619,9.8005,4544.9,43719.85
2026-09-24,2024-10,nc_sub,NC Sub,New customer subscriber,11,M11,M11 NC Sub,4461,1889,0.4234,2.127,9.542,8.5945,4018.0,38340.13
2026-09-24,2024-10,nc_sub,NC Sub,New customer subscriber,12,M12,M12 NC Sub,4461,1723,0.3862,2.09,9.465,7.6405,3600.9,34084.27
2026-09-24,2024-10,nc_sub,NC Sub,New customer subscriber,13,M13,M13 NC Sub,4461,1595,0.3575,2.04,9.482,6.9178,3254.6,30860.42
2026-09-24,2024-10,nc_sub,NC Sub,New customer subscriber,14,M14,M14 NC Sub,4461,1459,0.3271,1.998,9.417,6.1536,2915.1,27451.16
2026-09-24,2024-10,nc_sub,NC Sub,New customer subscriber,15,M15,M15 NC Sub,4461,1323,0.2966,1.917,9.282,5.2765,2535.9,23538.55
2026-09-24,2024-10,nc_sub,NC Sub,New customer subscriber,16,M16,M16 NC Sub,4461,1235,0.2768,1.864,9.18,4.737,2301.9,21131.89
2026-09-24,2024-10,nc_sub,NC Sub,New customer subscriber,17,M17,M17 NC Sub,4461,1125,0.2522,1.784,9.222,4.1499,2007.5,18512.68
2026-09-24,2024-10,nc_sub,NC Sub,New customer subscriber,18,M18,M18 NC Sub,4461,1016,0.2278,1.731,9.095,3.5863,1759.1,15998.38
2026-09-24,2024-10,nc_sub,NC Sub,New customer subscriber,19,M19,M19 NC Sub,4461,924,0.2071,1.668,9.035,3.1209,1540.9,13922.34
2026-09-24,2024-10,nc_sub,NC Sub,New customer subscriber,20,M20,M20 NC Sub,4461,847,0.1899,1.622,9.046,2.7854,1373.7,12425.45
2026-09-24,2024-10,nc_sub,NC Sub,New customer subscriber,21,M21,M21 NC Sub,4461,773,0.1733,1.558,8.913,2.4061,1204.3,10733.44
2026-09-24,2024-10,nc_sub,NC Sub,New customer subscriber,22,M22,M22 NC Sub,4461,716,0.1605,1.51,8.91,2.1592,1081.1,9632.26
2026-09-24,2024-10,nc_sub,NC Sub,New customer subscriber,23,M23,M23 NC Sub,4461,668,0.1497,1.474,8.788,1.9392,984.4,8650.88
2026-09-24,2024-10,nc_sub,NC Sub,New customer subscriber,24,M24,M24 NC Sub,4461,605,0.1356,1.444,8.746,1.7126,873.6,7640.02
2026-09-24,2024-10,ec_sub,EC Sub,Existing customer subscriber,1,M1,M1 EC Sub,3995,3995,1.0,3.443,11.214,38.6071,13754.3,154235.19
2026-09-24,2024-10,ec_sub,EC Sub,Existing customer subscriber,2,M2,M2 EC Sub,3995,3869,0.9685,3.391,11.151,36.6177,13119.3,146287.74
2026-09-24,2024-10,ec_sub,EC Sub,Existing customer subscriber,3,M3,M3 EC Sub,3995,3664,0.9171,3.326,11.163,34.0473,12184.6,136019.11
2026-09-24,2024-10,ec_sub,EC Sub,Existing customer subscriber,4,M4,M4 EC Sub,3995,3566,0.8926,3.261,11.064,32.2035,11628.0,128653.06
2026-09-24,2024-10,ec_sub,EC Sub,Existing customer subscriber,5,M5,M5 EC Sub,3995,3434,0.8596,3.266,10.986,30.8422,11215.4,123214.45
2026-09-24,2024-10,ec_sub,EC Sub,Existing customer subscriber,6,M6,M6 EC Sub,3995,3265,0.8173,3.275,10.965,29.3445,10691.5,117231.17
2026-09-24,2024-10,ec_sub,EC Sub,Existing customer subscriber,7,M7,M7 EC Sub,3995,3078,0.7705,3.282,11.016,27.8558,10102.0,111283.78
2026-09-24,2024-10,ec_sub,EC Sub,Existing customer subscriber,8,M8,M8 EC Sub,3995,2998,0.7504,3.291,11.046,27.2801,9866.5,108984.09
2026-09-24,2024-10,ec_sub,EC Sub,Existing customer subscriber,9,M9,M9 EC Sub,3995,2865,0.7171,3.285,11.006,25.927,9410.7,103578.21
2026-09-24,2024-10,ec_sub,EC Sub,Existing customer subscriber,10,M10,M10 EC Sub,3995,2782,0.6964,3.237,10.885,24.5324,9004.0,98007.0
2026-09-24,2024-10,ec_sub,EC Sub,Existing customer subscriber,11,M11,M11 EC Sub,3995,2634,0.6593,3.188,10.924,22.9576,8396.1,91715.56
2026-09-24,2024-10,ec_sub,EC Sub,Existing customer subscriber,12,M12,M12 EC Sub,3995,2553,0.639,3.152,10.986,22.1263,8045.9,88394.41
2026-09-24,2024-10,ec_sub,EC Sub,Existing customer subscriber,13,M13,M13 EC Sub,3995,2492,0.6238,3.132,10.97,21.4329,7805.4,85624.26
2026-09-24,2024-10,ec_sub,EC Sub,Existing customer subscriber,14,M14,M14 EC Sub,3995,2373,0.594,3.078,10.985,20.0818,7303.2,80226.64
2026-09-24,2024-10,ec_sub,EC Sub,Existing customer subscriber,15,M15,M15 EC Sub,3995,2233,0.5589,3.027,11.024,18.6517,6759.2,74513.7
2026-09-24,2024-10,ec_sub,EC Sub,Existing customer subscriber,16,M16,M16 EC Sub,3995,2160,0.5407,3.024,11.017,18.0125,6531.6,71959.77
2026-09-24,2024-10,ec_sub,EC Sub,Existing customer subscriber,17,M17,M17 EC Sub,3995,2101,0.5259,2.994,10.918,17.1932,6291.4,68686.9
2026-09-24,2024-10,ec_sub,EC Sub,Existing customer subscriber,18,M18,M18 EC Sub,3995,2017,0.5049,2.953,10.998,16.3981,5956.7,65510.43
2026-09-24,2024-10,ec_sub,EC Sub,Existing customer subscriber,19,M19,M19 EC Sub,3995,1923,0.4814,2.951,11.019,15.6547,5675.5,62540.59
2026-09-24,2024-10,ec_sub,EC Sub,Existing customer subscriber,20,M20,M20 EC Sub,3995,1874,0.4691,2.947,11.103,15.3491,5522.6,61319.82
2026-09-24,2024-10,ec_sub,EC Sub,Existing customer subscriber,21,M21,M21 EC Sub,3995,1791,0.4483,2.958,10.986,14.5696,5298.1,58205.54
2026-09-24,2024-10,ec_sub,EC Sub,Existing customer subscriber,22,M22,M22 EC Sub,3995,1722,0.431,2.963,10.891,13.912,5103.0,55578.4
2026-09-24,2024-10,ec_sub,EC Sub,Existing customer subscriber,23,M23,M23 EC Sub,3995,1634,0.409,2.892,10.806,12.7809,4725.3,51059.78
2026-09-24,2024-10,ec_sub,EC Sub,Existing customer subscriber,24,M24,M24 EC Sub,3995,1596,0.3995,2.841,10.875,12.3446,4534.7,49316.72
2026-09-24,2024-10,payg_nc,PAYG NC,New customer pay-as-you-go,1,M1,M1 PAYG NC,10244,10244,1.0,1.533,7.282,11.1662,15709.0,114386.1
2026-09-24,2024-10,payg_nc,PAYG NC,New customer pay-as-you-go,2,M2,M2 PAYG NC,10244,8341,0.8142,1.454,7.236,8.5668,12128.0,87758.09
2026-09-24,2024-10,payg_nc,PAYG NC,New customer pay-as-you-go,3,M3,M3 PAYG NC,10244,6905,0.6741,1.385,7.19,6.7107,9561.3,68744.21
2026-09-24,2024-10,payg_nc,PAYG NC,New customer pay-as-you-go,4,M4,M4 PAYG NC,10244,5641,0.5507,1.293,7.165,5.1001,7292.2,52245.29
2026-09-24,2024-10,payg_nc,PAYG NC,New customer pay-as-you-go,5,M5,M5 PAYG NC,10244,4554,0.4446,1.23,7.09,3.8766,5601.1,39711.98
2026-09-24,2024-10,payg_nc,PAYG NC,New customer pay-as-you-go,6,M6,M6 PAYG NC,10244,3704,0.3616,1.143,6.975,2.883,4234.1,29533.59
2026-09-24,2024-10,payg_nc,PAYG NC,New customer pay-as-you-go,7,M7,M7 PAYG NC,10244,2979,0.2908,1.069,6.843,2.1275,3184.9,21794.19
2026-09-24,2024-10,payg_nc,PAYG NC,New customer pay-as-you-go,8,M8,M8 PAYG NC,10244,2457,0.2398,0.993,6.838,1.6292,2440.6,16689.07
2026-09-24,2024-10,payg_nc,PAYG NC,New customer pay-as-you-go,9,M9,M9 PAYG NC,10244,2004,0.1956,0.943,6.821,1.2586,1890.2,12893.53
2026-09-24,2024-10,payg_nc,PAYG NC,New customer pay-as-you-go,10,M10,M10 PAYG NC,10244,1657,0.1618,0.878,6.695,0.9508,1454.8,9739.72
2026-09-24,2024-10,payg_nc,PAYG NC,New customer pay-as-you-go,11,M11,M11 PAYG NC,10244,1366,0.1333,0.821,6.594,0.7217,1121.2,7392.88
2026-09-24,2024-10,payg_nc,PAYG NC,New customer pay-as-you-go,12,M12,M12 PAYG NC,10244,1125,0.1098,0.776,6.467,0.5509,872.7,5643.46
2026-09-24,2024-10,payg_nc,PAYG NC,New customer pay-as-you-go,13,M13,M13 PAYG NC,10244,937,0.0915,0.733,6.371,0.4269,686.4,4373.14
2026-09-24,2024-10,payg_nc,PAYG NC,New customer pay-as-you-go,14,M14,M14 PAYG NC,10244,763,0.0745,0.695,6.314,0.3266,529.9,3345.7
2026-09-24,2024-10,payg_nc,PAYG NC,New customer pay-as-you-go,15,M15,M15 PAYG NC,10244,623,0.0608,0.655,6.217,0.2477,408.2,2537.53
2026-09-24,2024-10,payg_nc,PAYG NC,New customer pay-as-you-go,16,M16,M16 PAYG NC,10244,509,0.0497,0.617,6.204,0.1902,314.0,1948.24
2026-09-24,2024-10,payg_nc,PAYG NC,New customer pay-as-you-go,17,M17,M17 PAYG NC,10244,415,0.0405,0.571,6.089,0.1409,237.1,1443.54
2026-09-24,2024-10,payg_nc,PAYG NC,New customer pay-as-you-go,18,M18,M18 PAYG NC,10244,340,0.0332,0.541,6.027,0.1082,183.9,1108.24
2026-09-24,2024-10,payg_nc,PAYG NC,New customer pay-as-you-go,19,M19,M19 PAYG NC,10244,278,0.0271,0.502,5.964,0.0812,139.5,831.98
2026-09-24,2024-10,payg_nc,PAYG NC,New customer pay-as-you-go,20,M20,M20 PAYG NC,10244,224,0.0219,0.477,5.963,0.0621,106.7,636.5
2026-09-24,2024-10,payg_nc,PAYG NC,New customer pay-as-you-go,21,M21,M21 PAYG NC,10244,181,0.0177,0.445,5.926,0.0466,80.6,477.79
2026-09-24,2024-10,payg_nc,PAYG NC,New customer pay-as-you-go,22,M22,M22 PAYG NC,10244,151,0.0147,0.421,5.896,0.0366,63.6,374.79
2026-09-24,2024-10,payg_nc,PAYG NC,New customer pay-as-you-go,23,M23,M23 PAYG NC,10244,124,0.0121,0.398,5.886,0.0283,49.3,290.26
2026-09-24,2024-10,payg_nc,PAYG NC,New customer pay-as-you-go,24,M24,M24 PAYG NC,10244,102,0.01,0.378,5.852,0.022,38.6,225.77
2026-09-24,2024-10,payg_ec,PAYG EC,Existing customer pay-as-you-go,1,M1,M1 PAYG EC,5944,5944,1.0,2.15,7.936,17.065,12781.9,101434.64
2026-09-24,2024-10,payg_ec,PAYG EC,Existing customer pay-as-you-go,2,M2,M2 PAYG EC,5944,5357,0.9012,2.068,7.955,14.8243,11076.1,88115.85
2026-09-24,2024-10,payg_ec,PAYG EC,Existing customer pay-as-you-go,3,M3,M3 PAYG EC,5944,4831,0.8128,1.957,7.896,12.5613,9456.3,74664.28
2026-09-24,2024-10,payg_ec,PAYG EC,Existing customer pay-as-you-go,4,M4,M4 PAYG EC,5944,4303,0.7239,1.875,7.856,10.6619,8066.8,63374.07
2026-09-24,2024-10,payg_ec,PAYG EC,Existing customer pay-as-you-go,5,M5,M5 PAYG EC,5944,3850,0.6477,1.803,7.841,9.1565,6941.7,54426.39
2026-09-24,2024-10,payg_ec,PAYG EC,Existing customer pay-as-you-go,6,M6,M6 PAYG EC,5944,3470,0.5838,1.726,7.852,7.9115,5988.9,47026.13
2026-09-24,2024-10,payg_ec,PAYG EC,Existing customer pay-as-you-go,7,M7,M7 PAYG EC,5944,3168,0.533,1.664,7.848,6.9589,5270.5,41363.55
2026-09-24,2024-10,payg_ec,PAYG EC,Existing customer pay-as-you-go,8,M8,M8 PAYG EC,5944,2880,0.4845,1.598,7.857,6.0816,4600.9,36149.3
2026-09-24,2024-10,payg_ec,PAYG EC,Existing customer pay-as-you-go,9,M9,M9 PAYG EC,5944,2574,0.433,1.512,7.834,5.1299,3892.3,30492.2
2026-09-24,2024-10,payg_ec,PAYG EC,Existing customer pay-as-you-go,10,M10,M10 PAYG EC,5944,2272,0.3822,1.462,7.746,4.3295,3322.2,25734.64
2026-09-24,2024-10,payg_ec,PAYG EC,Existing customer pay-as-you-go,11,M11,M11 PAYG EC,5944,2055,0.3457,1.414,7.623,3.7251,2904.8,22141.99
2026-09-24,2024-10,payg_ec,PAYG EC,Existing customer pay-as-you-go,12,M12,M12 PAYG EC,5944,1870,0.3146,1.353,7.531,3.2065,2530.9,19059.19
2026-09-24,2024-10,payg_ec,PAYG EC,Existing customer pay-as-you-go,13,M13,M13 PAYG EC,5944,1692,0.2847,1.3,7.465,2.7634,2200.3,16425.94
2026-09-24,2024-10,payg_ec,PAYG EC,Existing customer pay-as-you-go,14,M14,M14 PAYG EC,5944,1547,0.2603,1.258,7.346,2.4058,1946.6,14299.8
2026-09-24,2024-10,payg_ec,PAYG EC,Existing customer pay-as-you-go,15,M15,M15 PAYG EC,5944,1381,0.2323,1.198,7.257,2.0197,1654.2,12004.9
2026-09-24,2024-10,payg_ec,PAYG EC,Existing customer pay-as-you-go,16,M16,M16 PAYG EC,5944,1259,0.2118,1.15,7.246,1.7653,1448.1,10492.75
2026-09-24,2024-10,payg_ec,PAYG EC,Existing customer pay-as-you-go,17,M17,M17 PAYG EC,5944,1132,0.1904,1.103,7.261,1.5257,1248.9,9068.9
2026-09-24,2024-10,payg_ec,PAYG EC,Existing customer pay-as-you-go,18,M18,M18 PAYG EC,5944,1007,0.1694,1.051,7.275,1.2957,1058.5,7701.39
2026-09-24,2024-10,payg_ec,PAYG EC,Existing customer pay-as-you-go,19,M19,M19 PAYG EC,5944,917,0.1543,0.994,7.159,1.0983,911.9,6528.54
2026-09-24,2024-10,payg_ec,PAYG EC,Existing customer pay-as-you-go,20,M20,M20 PAYG EC,5944,834,0.1403,0.941,7.043,0.9299,784.8,5527.12
2026-09-24,2024-10,payg_ec,PAYG EC,Existing customer pay-as-you-go,21,M21,M21 PAYG EC,5944,754,0.1269,0.9,7.023,0.8017,678.5,4765.09
2026-09-24,2024-10,payg_ec,PAYG EC,Existing customer pay-as-you-go,22,M22,M22 PAYG EC,5944,683,0.1149,0.869,6.911,0.6899,593.3,4100.48
2026-09-24,2024-10,payg_ec,PAYG EC,Existing customer pay-as-you-go,23,M23,M23 PAYG EC,5944,622,0.1046,0.823,6.825,0.5876,511.7,3492.48
2026-09-24,2024-10,payg_ec,PAYG EC,Existing customer pay-as-you-go,24,M24,M24 PAYG EC,5944,549,0.0924,0.798,6.793,0.5006,438.1,2975.65
